-- DATABASES ---------------------------------------------------------------
INSERT INTO databases (id, title_en, title_sv, description_en, description_sv, is_popular, malfunction_message, malfunction_message_active, public_access, access_information_code) VALUES(1, 'Flower mouth (en) 1', 'Flower mouth (sv) 1', 'Cillum est. Adipisicing culpa. (en)', 'Cillum est. Adipisicing culpa. (sv)', TRUE, 'down for maintenance', FALSE, TRUE, 'This database is not free');
INSERT INTO databases (id, title_en, title_sv, description_en, description_sv, is_popular, malfunction_message, malfunction_message_active, public_access, access_information_code) VALUES(2, 'Symbol me (en) 2', 'Symbol me (sv) 2', 'Nisi nisi et. Nulla fugiat ut. (en)', 'Nisi nisi et. Nulla fugiat ut. (sv)', TRUE, 'down for maintenance', FALSE, TRUE, 'This database is not free');
INSERT INTO databases (id, title_en, title_sv, description_en, description_sv, is_popular, malfunction_message, malfunction_message_active, public_access, access_information_code) VALUES(3, 'Furniture lonely (en) 3', 'Furniture lonely (sv) 3', 'Non mollit ullamco. Deserunt enim. (en)', 'Non mollit ullamco. Deserunt enim. (sv)', TRUE, 'down for maintenance', FALSE, TRUE, 'This database is not free');
INSERT INTO databases (id, title_en, title_sv, description_en, description_sv, is_popular, malfunction_message, malfunction_message_active, public_access, access_information_code) VALUES(4, 'Breathing saddle (en) 4', 'Breathing saddle (sv) 4', 'Elit anim. Non irure labore. (en)', 'Elit anim. Non irure labore. (sv)', TRUE, 'down for maintenance', FALSE, TRUE, 'This database is not free');
INSERT INTO databases (id, title_en, title_sv, description_en, description_sv, is_popular, malfunction_message, malfunction_message_active, public_access, access_information_code) VALUES(5, 'Middle particles (en) 5', 'Middle particles (sv) 5', 'Ad incididunt. Do incididunt. (en)', 'Ad incididunt. Do incididunt. (sv)', TRUE, 'down for maintenance', FALSE, TRUE, 'This database is not free');
INSERT INTO databases (id, title_en, title_sv, description_en, description_sv, is_popular, malfunction_message, malfunction_message_active, public_access, access_information_code) VALUES(6, 'Consider rule (en) 6', 'Consider rule (sv) 6', 'Quis quis. Ipsum officia consequat. (en)', 'Quis quis. Ipsum officia consequat. (sv)', FALSE, 'down for maintenance', FALSE, TRUE, 'This database is not free');
INSERT INTO databases (id, title_en, title_sv, description_en, description_sv, is_popular, malfunction_message, malfunction_message_active, public_access, access_information_code) VALUES(7, 'Driver together (en) 7', 'Driver together (sv) 7', 'Eiusmod in occaecat. Ex et. (en)', 'Eiusmod in occaecat. Ex et. (sv)', FALSE, 'down for maintenance', FALSE, FALSE, 'This database is not free');
INSERT INTO databases (id, title_en, title_sv, description_en, description_sv, is_popular, malfunction_message, malfunction_message_active, public_access, access_information_code) VALUES(8, 'Factory will (en) 8', 'Factory will (sv) 8', 'Occaecat id et. Sunt id sunt. (en)', 'Occaecat id et. Sunt id sunt. (sv)', FALSE, 'down for maintenance', FALSE, FALSE, 'This database is not free');
INSERT INTO databases (id, title_en, title_sv, description_en, description_sv, is_popular, malfunction_message, malfunction_message_active, public_access, access_information_code) VALUES(9, 'Happily exclaimed (en) 9', 'Happily exclaimed (sv) 9', 'Tempor ea. Culpa occaecat. (en)', 'Tempor ea. Culpa occaecat. (sv)', FALSE, 'down for maintenance', FALSE, FALSE, 'This database is not free');
INSERT INTO databases (id, title_en, title_sv, description_en, description_sv, is_popular, malfunction_message, malfunction_message_active, public_access, access_information_code) VALUES(10, 'Bread studied (en) 10', 'Bread studied (sv) 10', 'Et eu. Laborum incididunt pariatur. (en)', 'Et eu. Laborum incididunt pariatur. (sv)', FALSE, 'down for maintenance', FALSE, FALSE, 'This database is not free');
INSERT INTO databases (id, title_en, title_sv, description_en, description_sv, is_popular, malfunction_message, malfunction_message_active, public_access, access_information_code) VALUES(11, 'Old never (en) 11', 'Old never (sv) 11', 'Ex sit minim. Mollit deserunt cillum. (en)', 'Ex sit minim. Mollit deserunt cillum. (sv)', FALSE, 'down for maintenance', FALSE, FALSE, 'This database is not free');
INSERT INTO databases (id, title_en, title_sv, description_en, description_sv, is_popular, malfunction_message, malfunction_message_active, public_access, access_information_code) VALUES(12, 'Thousand palace (en) 12', 'Thousand palace (sv) 12', 'Ullamco ad. Minim anim ex. (en)', 'Ullamco ad. Minim anim ex. (sv)', FALSE, 'down for maintenance', FALSE, FALSE, 'This database is not free');
INSERT INTO databases (id, title_en, title_sv, description_en, description_sv, is_popular, malfunction_message, malfunction_message_active, public_access, access_information_code) VALUES(13, 'Hand black (en) 13', 'Hand black (sv) 13', 'Consequat ad aute. Adipisicing culpa. (en)', 'Consequat ad aute. Adipisicing culpa. (sv)', FALSE, 'down for maintenance', FALSE, FALSE, 'This database is not free');
INSERT INTO databases (id, title_en, title_sv, description_en, description_sv, is_popular, malfunction_message, malfunction_message_active, public_access, access_information_code) VALUES(14, 'Nearby whether (en) 14', 'Nearby whether (sv) 14', 'Reprehenderit excepteur. Cillum id laborum. (en)', 'Reprehenderit excepteur. Cillum id laborum. (sv)', FALSE, 'down for maintenance', FALSE, FALSE, 'This database is not free');
INSERT INTO databases (id, title_en, title_sv, description_en, description_sv, is_popular, malfunction_message, malfunction_message_active, public_access, access_information_code) VALUES(15, 'Crew left (en) 15', 'Crew left (sv) 15', 'Consectetur cupidatat. Ullamco culpa. (en)', 'Consectetur cupidatat. Ullamco culpa. (sv)', FALSE, 'down for maintenance', FALSE, FALSE, 'This database is not free');
INSERT INTO databases (id, title_en, title_sv, description_en, description_sv, is_popular, malfunction_message, malfunction_message_active, public_access, access_information_code) VALUES(16, 'Hungry take (en) 16', 'Hungry take (sv) 16', 'Proident ea. Mollit occaecat dolore. (en)', 'Proident ea. Mollit occaecat dolore. (sv)', FALSE, 'down for maintenance', FALSE, FALSE, 'This database is not free');
INSERT INTO databases (id, title_en, title_sv, description_en, description_sv, is_popular, malfunction_message, malfunction_message_active, public_access, access_information_code) VALUES(17, 'Regular in (en) 17', 'Regular in (sv) 17', 'Minim magna consectetur. Anim eu. (en)', 'Minim magna consectetur. Anim eu. (sv)', FALSE, 'down for maintenance', FALSE, FALSE, 'This database is not free');
INSERT INTO databases (id, title_en, title_sv, description_en, description_sv, is_popular, malfunction_message, malfunction_message_active, public_access, access_information_code) VALUES(18, 'Exchange automobile (en) 18', 'Exchange automobile (sv) 18', 'Dolore ipsum. Dolor adipisicing. (en)', 'Dolore ipsum. Dolor adipisicing. (sv)', FALSE, 'down for maintenance', FALSE, FALSE, 'This database is not free');
INSERT INTO databases (id, title_en, title_sv, description_en, description_sv, is_popular, malfunction_message, malfunction_message_active, public_access, access_information_code) VALUES(19, 'Wooden none (en) 19', 'Wooden none (sv) 19', 'Elit adipisicing cillum. Et voluptate adipisicing. (en)', 'Elit adipisicing cillum. Et voluptate adipisicing. (sv)', FALSE, 'down for maintenance', FALSE, FALSE, 'This database is not free');
INSERT INTO databases (id, title_en, title_sv, description_en, description_sv, is_popular, malfunction_message, malfunction_message_active, public_access, access_information_code) VALUES(20, 'Complete sing (en) 20', 'Complete sing (sv) 20', 'Proident amet. Commodo nostrud dolor. (en)', 'Proident amet. Commodo nostrud dolor. (sv)', FALSE, 'down for maintenance', FALSE, FALSE, 'This database is not free');
INSERT INTO databases (id, title_en, title_sv, description_en, description_sv, is_popular, malfunction_message, malfunction_message_active, public_access, access_information_code) VALUES(21, 'Dirt middle (en) 21', 'Dirt middle (sv) 21', 'Adipisicing nostrud magna. Laboris id excepteur. (en)', 'Adipisicing nostrud magna. Laboris id excepteur. (sv)', FALSE, 'down for maintenance', FALSE, FALSE, 'This database is not free');
INSERT INTO databases (id, title_en, title_sv, description_en, description_sv, is_popular, malfunction_message, malfunction_message_active, public_access, access_information_code) VALUES(22, 'Firm history (en) 22', 'Firm history (sv) 22', 'Exercitation ea cupidatat. Aliqua nulla ullamco. (en)', 'Exercitation ea cupidatat. Aliqua nulla ullamco. (sv)', FALSE, 'down for maintenance', FALSE, FALSE, 'This database is not free');
INSERT INTO databases (id, title_en, title_sv, description_en, description_sv, is_popular, malfunction_message, malfunction_message_active, public_access, access_information_code) VALUES(23, 'Jack call (en) 23', 'Jack call (sv) 23', 'Nostrud reprehenderit elit. Culpa ad laborum. (en)', 'Nostrud reprehenderit elit. Culpa ad laborum. (sv)', FALSE, 'down for maintenance', FALSE, FALSE, 'This database is not free');
INSERT INTO databases (id, title_en, title_sv, description_en, description_sv, is_popular, malfunction_message, malfunction_message_active, public_access, access_information_code) VALUES(24, 'Diagram evidence (en) 24', 'Diagram evidence (sv) 24', 'Aliquip irure adipisicing. Culpa nulla dolor. (en)', 'Aliquip irure adipisicing. Culpa nulla dolor. (sv)', FALSE, 'down for maintenance', FALSE, FALSE, 'This database is not free');
INSERT INTO databases (id, title_en, title_sv, description_en, description_sv, is_popular, malfunction_message, malfunction_message_active, public_access, access_information_code) VALUES(25, 'Local main (en) 25', 'Local main (sv) 25', 'Reprehenderit voluptate. Et tempor. (en)', 'Reprehenderit voluptate. Et tempor. (sv)', FALSE, 'down for maintenance', FALSE, FALSE, 'This database is not free');
INSERT INTO databases (id, title_en, title_sv, description_en, description_sv, is_popular, malfunction_message, malfunction_message_active, public_access, access_information_code) VALUES(26, 'Satellites herself (en) 26', 'Satellites herself (sv) 26', 'Deserunt dolore nostrud. Deserunt consectetur minim. (en)', 'Deserunt dolore nostrud. Deserunt consectetur minim. (sv)', FALSE, 'down for maintenance', FALSE, FALSE, 'This database is not free');
INSERT INTO databases (id, title_en, title_sv, description_en, description_sv, is_popular, malfunction_message, malfunction_message_active, public_access, access_information_code) VALUES(27, 'Coffee stems (en) 27', 'Coffee stems (sv) 27', 'Irure dolor est. Tempor non. (en)', 'Irure dolor est. Tempor non. (sv)', FALSE, 'down for maintenance', FALSE, FALSE, 'This database is not free');
INSERT INTO databases (id, title_en, title_sv, description_en, description_sv, is_popular, malfunction_message, malfunction_message_active, public_access, access_information_code) VALUES(28, 'Previous energy (en) 28', 'Previous energy (sv) 28', 'Pariatur minim cupidatat. In velit. (en)', 'Pariatur minim cupidatat. In velit. (sv)', FALSE, 'down for maintenance', FALSE, FALSE, 'This database is not free');
INSERT INTO databases (id, title_en, title_sv, description_en, description_sv, is_popular, malfunction_message, malfunction_message_active, public_access, access_information_code) VALUES(29, 'Are effort (en) 29', 'Are effort (sv) 29', 'Ipsum aliquip. Eiusmod id. (en)', 'Ipsum aliquip. Eiusmod id. (sv)', FALSE, 'down for maintenance', FALSE, FALSE, 'This database is not free');
INSERT INTO databases (id, title_en, title_sv, description_en, description_sv, is_popular, malfunction_message, malfunction_message_active, public_access, access_information_code) VALUES(30, 'Nest related (en) 30', 'Nest related (sv) 30', 'Aliqua Lorem. Sunt nostrud quis. (en)', 'Aliqua Lorem. Sunt nostrud quis. (sv)', FALSE, 'down for maintenance', FALSE, FALSE, 'This database is not free');
INSERT INTO databases (id, title_en, title_sv, description_en, description_sv, is_popular, malfunction_message, malfunction_message_active, public_access, access_information_code) VALUES(31, 'Double list (en) 31', 'Double list (sv) 31', 'Eu in. Ea nisi. (en)', 'Eu in. Ea nisi. (sv)', FALSE, 'down for maintenance', FALSE, FALSE, 'This database is not free');
INSERT INTO databases (id, title_en, title_sv, description_en, description_sv, is_popular, malfunction_message, malfunction_message_active, public_access, access_information_code) VALUES(32, 'Highway particles (en) 32', 'Highway particles (sv) 32', 'Aute amet. Mollit laborum magna. (en)', 'Aute amet. Mollit laborum magna. (sv)', FALSE, 'down for maintenance', FALSE, FALSE, 'This database is not free');
INSERT INTO databases (id, title_en, title_sv, description_en, description_sv, is_popular, malfunction_message, malfunction_message_active, public_access, access_information_code) VALUES(33, 'Planet information (en) 33', 'Planet information (sv) 33', 'Cillum excepteur ad. Adipisicing culpa. (en)', 'Cillum excepteur ad. Adipisicing culpa. (sv)', FALSE, 'down for maintenance', FALSE, FALSE, 'This database is not free');
INSERT INTO databases (id, title_en, title_sv, description_en, description_sv, is_popular, malfunction_message, malfunction_message_active, public_access, access_information_code) VALUES(34, 'May rocket (en) 34', 'May rocket (sv) 34', 'Ad sit. Anim et. (en)', 'Ad sit. Anim et. (sv)', FALSE, 'down for maintenance', FALSE, FALSE, 'This database is not free');
INSERT INTO databases (id, title_en, title_sv, description_en, description_sv, is_popular, malfunction_message, malfunction_message_active, public_access, access_information_code) VALUES(35, 'Needed press (en) 35', 'Needed press (sv) 35', 'Magna ad. Deserunt excepteur aliquip. (en)', 'Magna ad. Deserunt excepteur aliquip. (sv)', FALSE, 'down for maintenance', FALSE, FALSE, 'This database is not free');
INSERT INTO databases (id, title_en, title_sv, description_en, description_sv, is_popular, malfunction_message, malfunction_message_active, public_access, access_information_code) VALUES(36, 'Halfway hole (en) 36', 'Halfway hole (sv) 36', 'Ipsum qui pariatur. Enim fugiat pariatur. (en)', 'Ipsum qui pariatur. Enim fugiat pariatur. (sv)', FALSE, 'down for maintenance', FALSE, FALSE, 'This database is not free');
INSERT INTO databases (id, title_en, title_sv, description_en, description_sv, is_popular, malfunction_message, malfunction_message_active, public_access, access_information_code) VALUES(37, 'Told potatoes (en) 37', 'Told potatoes (sv) 37', 'Incididunt proident qui. Duis aliqua in. (en)', 'Incididunt proident qui. Duis aliqua in. (sv)', FALSE, 'down for maintenance', FALSE, FALSE, 'This database is not free');
INSERT INTO databases (id, title_en, title_sv, description_en, description_sv, is_popular, malfunction_message, malfunction_message_active, public_access, access_information_code) VALUES(38, 'Hit steel (en) 38', 'Hit steel (sv) 38', 'Ut anim irure. Enim quis. (en)', 'Ut anim irure. Enim quis. (sv)', FALSE, 'down for maintenance', FALSE, FALSE, 'This database is not free');
INSERT INTO databases (id, title_en, title_sv, description_en, description_sv, is_popular, malfunction_message, malfunction_message_active, public_access, access_information_code) VALUES(39, 'Brief electric (en) 39', 'Brief electric (sv) 39', 'Cillum occaecat. Consectetur sit. (en)', 'Cillum occaecat. Consectetur sit. (sv)', FALSE, 'down for maintenance', FALSE, FALSE, 'This database is not free');
INSERT INTO databases (id, title_en, title_sv, description_en, description_sv, is_popular, malfunction_message, malfunction_message_active, public_access, access_information_code) VALUES(40, 'Will badly (en) 40', 'Will badly (sv) 40', 'Ipsum anim reprehenderit. Cillum officia ullamco. (en)', 'Ipsum anim reprehenderit. Cillum officia ullamco. (sv)', FALSE, 'down for maintenance', FALSE, FALSE, 'This database is not free');
INSERT INTO databases (id, title_en, title_sv, description_en, description_sv, is_popular, malfunction_message, malfunction_message_active, public_access, access_information_code) VALUES(41, 'Oldest class (en) 41', 'Oldest class (sv) 41', 'Sint officia. Enim proident minim. (en)', 'Sint officia. Enim proident minim. (sv)', FALSE, 'down for maintenance', FALSE, FALSE, 'This database is not free');
INSERT INTO databases (id, title_en, title_sv, description_en, description_sv, is_popular, malfunction_message, malfunction_message_active, public_access, access_information_code) VALUES(42, 'Softly structure (en) 42', 'Softly structure (sv) 42', 'Tempor elit. Exercitation mollit. (en)', 'Tempor elit. Exercitation mollit. (sv)', FALSE, 'down for maintenance', FALSE, FALSE, 'This database is not free');
INSERT INTO databases (id, title_en, title_sv, description_en, description_sv, is_popular, malfunction_message, malfunction_message_active, public_access, access_information_code) VALUES(43, 'Flame thee (en) 43', 'Flame thee (sv) 43', 'Magna nisi. Eu eiusmod mollit. (en)', 'Magna nisi. Eu eiusmod mollit. (sv)', FALSE, 'down for maintenance', FALSE, FALSE, 'This database is not free');
INSERT INTO databases (id, title_en, title_sv, description_en, description_sv, is_popular, malfunction_message, malfunction_message_active, public_access, access_information_code) VALUES(44, 'Sight strong (en) 44', 'Sight strong (sv) 44', 'Magna voluptate elit. Nulla labore. (en)', 'Magna voluptate elit. Nulla labore. (sv)', FALSE, 'down for maintenance', FALSE, FALSE, 'This database is not free');
INSERT INTO databases (id, title_en, title_sv, description_en, description_sv, is_popular, malfunction_message, malfunction_message_active, public_access, access_information_code) VALUES(45, 'Lips angle (en) 45', 'Lips angle (sv) 45', 'Do culpa reprehenderit. Irure elit ex. (en)', 'Do culpa reprehenderit. Irure elit ex. (sv)', FALSE, 'down for maintenance', FALSE, FALSE, 'This database is not free');
INSERT INTO databases (id, title_en, title_sv, description_en, description_sv, is_popular, malfunction_message, malfunction_message_active, public_access, access_information_code) VALUES(46, 'Peace rock (en) 46', 'Peace rock (sv) 46', 'Sint deserunt consectetur. Qui Lorem laboris. (en)', 'Sint deserunt consectetur. Qui Lorem laboris. (sv)', FALSE, 'down for maintenance', FALSE, FALSE, 'This database is not free');
INSERT INTO databases (id, title_en, title_sv, description_en, description_sv, is_popular, malfunction_message, malfunction_message_active, public_access, access_information_code) VALUES(47, 'Score seen (en) 47', 'Score seen (sv) 47', 'Culpa non. Non est laborum. (en)', 'Culpa non. Non est laborum. (sv)', FALSE, 'down for maintenance', FALSE, FALSE, 'This database is not free');
INSERT INTO databases (id, title_en, title_sv, description_en, description_sv, is_popular, malfunction_message, malfunction_message_active, public_access, access_information_code) VALUES(48, 'Top simplest (en) 48', 'Top simplest (sv) 48', 'Dolor laboris fugiat. Velit esse commodo. (en)', 'Dolor laboris fugiat. Velit esse commodo. (sv)', FALSE, 'down for maintenance', FALSE, FALSE, 'This database is not free');
INSERT INTO databases (id, title_en, title_sv, description_en, description_sv, is_popular, malfunction_message, malfunction_message_active, public_access, access_information_code) VALUES(49, 'Plane frame (en) 49', 'Plane frame (sv) 49', 'Exercitation proident proident. Elit deserunt. (en)', 'Exercitation proident proident. Elit deserunt. (sv)', FALSE, 'down for maintenance', FALSE, FALSE, 'This database is not free');
INSERT INTO databases (id, title_en, title_sv, description_en, description_sv, is_popular, malfunction_message, malfunction_message_active, public_access, access_information_code) VALUES(50, 'Advice weak (en) 50', 'Advice weak (sv) 50', 'Do laborum voluptate. Commodo sint reprehenderit. (en)', 'Do laborum voluptate. Commodo sint reprehenderit. (sv)', FALSE, 'down for maintenance', FALSE, FALSE, 'This database is not free');
INSERT INTO databases (id, title_en, title_sv, description_en, description_sv, is_popular, malfunction_message, malfunction_message_active, public_access, access_information_code) VALUES(51, 'Neighborhood indicate (en) 51', 'Neighborhood indicate (sv) 51', 'Elit ex cillum. In ex exercitation. (en)', 'Elit ex cillum. In ex exercitation. (sv)', FALSE, 'down for maintenance', FALSE, FALSE, 'This database is not free');
INSERT INTO databases (id, title_en, title_sv, description_en, description_sv, is_popular, malfunction_message, malfunction_message_active, public_access, access_information_code) VALUES(52, 'Mistake purple (en) 52', 'Mistake purple (sv) 52', 'Dolore est. Cupidatat cillum. (en)', 'Dolore est. Cupidatat cillum. (sv)', FALSE, 'down for maintenance', FALSE, FALSE, 'This database is not free');
INSERT INTO databases (id, title_en, title_sv, description_en, description_sv, is_popular, malfunction_message, malfunction_message_active, public_access, access_information_code) VALUES(53, 'Previous attention (en) 53', 'Previous attention (sv) 53', 'Nisi est non. Fugiat mollit. (en)', 'Nisi est non. Fugiat mollit. (sv)', FALSE, 'down for maintenance', FALSE, FALSE, 'This database is not free');
INSERT INTO databases (id, title_en, title_sv, description_en, description_sv, is_popular, malfunction_message, malfunction_message_active, public_access, access_information_code) VALUES(54, 'Becoming old (en) 54', 'Becoming old (sv) 54', 'Enim aliquip. Eiusmod nulla. (en)', 'Enim aliquip. Eiusmod nulla. (sv)', FALSE, 'down for maintenance', FALSE, FALSE, 'This database is not free');
INSERT INTO databases (id, title_en, title_sv, description_en, description_sv, is_popular, malfunction_message, malfunction_message_active, public_access, access_information_code) VALUES(55, 'Year mill (en) 55', 'Year mill (sv) 55', 'Laborum non nostrud. Deserunt fugiat. (en)', 'Laborum non nostrud. Deserunt fugiat. (sv)', FALSE, 'down for maintenance', FALSE, FALSE, 'This database is not free');
INSERT INTO databases (id, title_en, title_sv, description_en, description_sv, is_popular, malfunction_message, malfunction_message_active, public_access, access_information_code) VALUES(56, 'Slave least (en) 56', 'Slave least (sv) 56', 'In duis cillum. Labore sunt excepteur. (en)', 'In duis cillum. Labore sunt excepteur. (sv)', FALSE, 'down for maintenance', FALSE, FALSE, 'This database is not free');
INSERT INTO databases (id, title_en, title_sv, description_en, description_sv, is_popular, malfunction_message, malfunction_message_active, public_access, access_information_code) VALUES(57, 'Sport making (en) 57', 'Sport making (sv) 57', 'Quis tempor. Et dolore exercitation. (en)', 'Quis tempor. Et dolore exercitation. (sv)', FALSE, 'down for maintenance', FALSE, FALSE, 'This database is not free');
INSERT INTO databases (id, title_en, title_sv, description_en, description_sv, is_popular, malfunction_message, malfunction_message_active, public_access, access_information_code) VALUES(58, 'Becoming touch (en) 58', 'Becoming touch (sv) 58', 'Aliquip minim nostrud. Eu tempor id. (en)', 'Aliquip minim nostrud. Eu tempor id. (sv)', FALSE, 'down for maintenance', FALSE, FALSE, 'This database is not free');
INSERT INTO databases (id, title_en, title_sv, description_en, description_sv, is_popular, malfunction_message, malfunction_message_active, public_access, access_information_code) VALUES(59, 'Again broad (en) 59', 'Again broad (sv) 59', 'Amet consequat minim. Enim est anim. (en)', 'Amet consequat minim. Enim est anim. (sv)', FALSE, 'down for maintenance', FALSE, FALSE, 'This database is not free');
INSERT INTO databases (id, title_en, title_sv, description_en, description_sv, is_popular, malfunction_message, malfunction_message_active, public_access, access_information_code) VALUES(60, 'Divide signal (en) 60', 'Divide signal (sv) 60', 'Commodo amet. Voluptate sit. (en)', 'Commodo amet. Voluptate sit. (sv)', FALSE, 'down for maintenance', FALSE, FALSE, 'This database is not free');



-- TOPICS ---------------------------------------------------------------
INSERT INTO topics (id, name_en, name_sv) VALUES (1, 'Captain union (en)', 'Captain union (sv)');
INSERT INTO topics (id, name_en, name_sv) VALUES (2, 'Dust whose (en)', 'Dust whose (sv)');
INSERT INTO topics (id, name_en, name_sv) VALUES (3, 'Satellites egg (en)', 'Satellites egg (sv)');
INSERT INTO topics (id, name_en, name_sv) VALUES (4, 'Forty happen (en)', 'Forty happen (sv)');
INSERT INTO topics (id, name_en, name_sv) VALUES (5, 'Teacher influence (en)', 'Teacher influence (sv)');
INSERT INTO topics (id, name_en, name_sv) VALUES (6, 'Bone sugar (en)', 'Bone sugar (sv)');
INSERT INTO topics (id, name_en, name_sv) VALUES (7, 'Coat though (en)', 'Coat though (sv)');
INSERT INTO topics (id, name_en, name_sv) VALUES (8, 'Flag glad (en)', 'Flag glad (sv)');
INSERT INTO topics (id, name_en, name_sv) VALUES (9, 'Die chance (en)', 'Die chance (sv)');
INSERT INTO topics (id, name_en, name_sv) VALUES (10, 'Refused given (en)', 'Refused given (sv)');
INSERT INTO topics (id, name_en, name_sv) VALUES (11, 'Term canal (en)', 'Term canal (sv)');
INSERT INTO topics (id, name_en, name_sv) VALUES (12, 'Rest against (en)', 'Rest against (sv)');
INSERT INTO topics (id, name_en, name_sv) VALUES (13, 'Else what (en)', 'Else what (sv)');
INSERT INTO topics (id, name_en, name_sv) VALUES (14, 'Organized similar (en)', 'Organized similar (sv)');
INSERT INTO topics (id, name_en, name_sv) VALUES (15, 'Gentle arrange (en)', 'Gentle arrange (sv)');



-- SUB TOPICS -----------------------------------------------------------
INSERT INTO sub_topics (id, name_en, name_sv, topic_id) VALUES (1, 'Worse tide (en)', 'Worse tide (sv)', 1);
INSERT INTO sub_topics (id, name_en, name_sv, topic_id) VALUES (2, 'Catch bad (en)', 'Catch bad (sv)', 1);
INSERT INTO sub_topics (id, name_en, name_sv, topic_id) VALUES (3, 'Age sense (en)', 'Age sense (sv)', 2);
INSERT INTO sub_topics (id, name_en, name_sv, topic_id) VALUES (4, 'Continued came (en)', 'Continued came (sv)', 2);
INSERT INTO sub_topics (id, name_en, name_sv, topic_id) VALUES (5, 'Bread activity (en)', 'Bread activity (sv)', 3);
INSERT INTO sub_topics (id, name_en, name_sv, topic_id) VALUES (6, 'Flag name (en)', 'Flag name (sv)', 3);
INSERT INTO sub_topics (id, name_en, name_sv, topic_id) VALUES (7, 'Brass well (en)', 'Brass well (sv)', 4);
INSERT INTO sub_topics (id, name_en, name_sv, topic_id) VALUES (8, 'Original silk (en)', 'Original silk (sv)', 4);
INSERT INTO sub_topics (id, name_en, name_sv, topic_id) VALUES (9, 'Arm hello (en)', 'Arm hello (sv)', 5);
INSERT INTO sub_topics (id, name_en, name_sv, topic_id) VALUES (10, 'Brother deal (en)', 'Brother deal (sv)', 5);
INSERT INTO sub_topics (id, name_en, name_sv, topic_id) VALUES (11, 'Whistle lesson (en)', 'Whistle lesson (sv)', 6);
INSERT INTO sub_topics (id, name_en, name_sv, topic_id) VALUES (12, 'Duty take (en)', 'Duty take (sv)', 6);
INSERT INTO sub_topics (id, name_en, name_sv, topic_id) VALUES (13, 'Solution mood (en)', 'Solution mood (sv)', 7);
INSERT INTO sub_topics (id, name_en, name_sv, topic_id) VALUES (14, 'Pride golden (en)', 'Pride golden (sv)', 7);
INSERT INTO sub_topics (id, name_en, name_sv, topic_id) VALUES (15, 'Grass massage (en)', 'Grass massage (sv)', 8);
INSERT INTO sub_topics (id, name_en, name_sv, topic_id) VALUES (16, 'Tiny question (en)', 'Tiny question (sv)', 8);
INSERT INTO sub_topics (id, name_en, name_sv, topic_id) VALUES (17, 'Aware winter (en)', 'Aware winter (sv)', 9);
INSERT INTO sub_topics (id, name_en, name_sv, topic_id) VALUES (18, 'Ship bicycle (en)', 'Ship bicycle (sv)', 9);
INSERT INTO sub_topics (id, name_en, name_sv, topic_id) VALUES (19, 'Than rise (en)', 'Than rise (sv)', 10);
INSERT INTO sub_topics (id, name_en, name_sv, topic_id) VALUES (20, 'Remove appearance (en)', 'Remove appearance (sv)', 10);
INSERT INTO sub_topics (id, name_en, name_sv, topic_id) VALUES (21, 'Hay table (en)', 'Hay table (sv)', 11);
INSERT INTO sub_topics (id, name_en, name_sv, topic_id) VALUES (22, 'Account held (en)', 'Account held (sv)', 11);
INSERT INTO sub_topics (id, name_en, name_sv, topic_id) VALUES (23, 'Wing political (en)', 'Wing political (sv)', 12);
INSERT INTO sub_topics (id, name_en, name_sv, topic_id) VALUES (24, 'Final answer (en)', 'Final answer (sv)', 12);
INSERT INTO sub_topics (id, name_en, name_sv, topic_id) VALUES (25, 'Form book (en)', 'Form book (sv)', 13);
INSERT INTO sub_topics (id, name_en, name_sv, topic_id) VALUES (26, 'Replied attack (en)', 'Replied attack (sv)', 13);
INSERT INTO sub_topics (id, name_en, name_sv, topic_id) VALUES (27, 'Silent hearing (en)', 'Silent hearing (sv)', 14);
INSERT INTO sub_topics (id, name_en, name_sv, topic_id) VALUES (28, 'Grandfather musical (en)', 'Grandfather musical (sv)', 14);
INSERT INTO sub_topics (id, name_en, name_sv, topic_id) VALUES (29, 'Sail appearance (en)', 'Sail appearance (sv)', 15);
INSERT INTO sub_topics (id, name_en, name_sv, topic_id) VALUES (30, 'Iron air (en)', 'Iron air (sv)', 15);



-- TOPIC FOR -----------------------------------------------------------
INSERT INTO topic_for (database_id, topic_id, sub_topic_id) VALUES (1, 1, NULL);
INSERT INTO topic_for (database_id, topic_id, sub_topic_id) VALUES (2, 1, NULL);
INSERT INTO topic_for (database_id, topic_id, sub_topic_id) VALUES (3, 1, NULL);
INSERT INTO topic_for (database_id, topic_id, sub_topic_id) VALUES (4, 1, NULL);
INSERT INTO topic_for (database_id, topic_id, sub_topic_id) VALUES (5, 2, NULL);
INSERT INTO topic_for (database_id, topic_id, sub_topic_id) VALUES (6, 2, NULL);
INSERT INTO topic_for (database_id, topic_id, sub_topic_id) VALUES (7, 2, NULL);
INSERT INTO topic_for (database_id, topic_id, sub_topic_id) VALUES (8, 2, NULL);
INSERT INTO topic_for (database_id, topic_id, sub_topic_id) VALUES (9, 3, NULL);
INSERT INTO topic_for (database_id, topic_id, sub_topic_id) VALUES (10, 3, NULL);
INSERT INTO topic_for (database_id, topic_id, sub_topic_id) VALUES (11, 3, NULL);
INSERT INTO topic_for (database_id, topic_id, sub_topic_id) VALUES (12, 3, NULL);
INSERT INTO topic_for (database_id, topic_id, sub_topic_id) VALUES (13, 4, NULL);
INSERT INTO topic_for (database_id, topic_id, sub_topic_id) VALUES (14, 4, NULL);
INSERT INTO topic_for (database_id, topic_id, sub_topic_id) VALUES (15, 4, NULL);
INSERT INTO topic_for (database_id, topic_id, sub_topic_id) VALUES (16, 4, NULL);
INSERT INTO topic_for (database_id, topic_id, sub_topic_id) VALUES (17, 5, NULL);
INSERT INTO topic_for (database_id, topic_id, sub_topic_id) VALUES (18, 5, NULL);
INSERT INTO topic_for (database_id, topic_id, sub_topic_id) VALUES (19, 5, NULL);
INSERT INTO topic_for (database_id, topic_id, sub_topic_id) VALUES (20, 5, NULL);
INSERT INTO topic_for (database_id, topic_id, sub_topic_id) VALUES (21, 6, NULL);
INSERT INTO topic_for (database_id, topic_id, sub_topic_id) VALUES (22, 6, NULL);
INSERT INTO topic_for (database_id, topic_id, sub_topic_id) VALUES (23, 6, NULL);
INSERT INTO topic_for (database_id, topic_id, sub_topic_id) VALUES (24, 6, NULL);
INSERT INTO topic_for (database_id, topic_id, sub_topic_id) VALUES (25, 7, NULL);
INSERT INTO topic_for (database_id, topic_id, sub_topic_id) VALUES (26, 7, NULL);
INSERT INTO topic_for (database_id, topic_id, sub_topic_id) VALUES (27, 7, NULL);
INSERT INTO topic_for (database_id, topic_id, sub_topic_id) VALUES (28, 7, NULL);
INSERT INTO topic_for (database_id, topic_id, sub_topic_id) VALUES (29, 8, NULL);
INSERT INTO topic_for (database_id, topic_id, sub_topic_id) VALUES (30, 8, NULL);
INSERT INTO topic_for (database_id, topic_id, sub_topic_id) VALUES (31, 8, NULL);
INSERT INTO topic_for (database_id, topic_id, sub_topic_id) VALUES (32, 8, NULL);
INSERT INTO topic_for (database_id, topic_id, sub_topic_id) VALUES (33, 9, NULL);
INSERT INTO topic_for (database_id, topic_id, sub_topic_id) VALUES (34, 9, NULL);
INSERT INTO topic_for (database_id, topic_id, sub_topic_id) VALUES (35, 9, NULL);
INSERT INTO topic_for (database_id, topic_id, sub_topic_id) VALUES (36, 9, NULL);
INSERT INTO topic_for (database_id, topic_id, sub_topic_id) VALUES (37, 10, NULL);
INSERT INTO topic_for (database_id, topic_id, sub_topic_id) VALUES (38, 10, NULL);
INSERT INTO topic_for (database_id, topic_id, sub_topic_id) VALUES (39, 10, NULL);
INSERT INTO topic_for (database_id, topic_id, sub_topic_id) VALUES (40, 10, NULL);
INSERT INTO topic_for (database_id, topic_id, sub_topic_id) VALUES (41, 11, NULL);
INSERT INTO topic_for (database_id, topic_id, sub_topic_id) VALUES (42, 11, NULL);
INSERT INTO topic_for (database_id, topic_id, sub_topic_id) VALUES (43, 11, NULL);
INSERT INTO topic_for (database_id, topic_id, sub_topic_id) VALUES (44, 11, NULL);
INSERT INTO topic_for (database_id, topic_id, sub_topic_id) VALUES (45, 12, NULL);
INSERT INTO topic_for (database_id, topic_id, sub_topic_id) VALUES (46, 12, NULL);
INSERT INTO topic_for (database_id, topic_id, sub_topic_id) VALUES (47, 12, NULL);
INSERT INTO topic_for (database_id, topic_id, sub_topic_id) VALUES (48, 12, NULL);
INSERT INTO topic_for (database_id, topic_id, sub_topic_id) VALUES (49, 13, NULL);
INSERT INTO topic_for (database_id, topic_id, sub_topic_id) VALUES (50, 13, NULL);
INSERT INTO topic_for (database_id, topic_id, sub_topic_id) VALUES (51, 13, NULL);
INSERT INTO topic_for (database_id, topic_id, sub_topic_id) VALUES (52, 13, NULL);
INSERT INTO topic_for (database_id, topic_id, sub_topic_id) VALUES (53, 14, NULL);
INSERT INTO topic_for (database_id, topic_id, sub_topic_id) VALUES (54, 14, NULL);
INSERT INTO topic_for (database_id, topic_id, sub_topic_id) VALUES (55, 14, NULL);
INSERT INTO topic_for (database_id, topic_id, sub_topic_id) VALUES (56, 14, NULL);
INSERT INTO topic_for (database_id, topic_id, sub_topic_id) VALUES (57, 15, NULL);
INSERT INTO topic_for (database_id, topic_id, sub_topic_id) VALUES (58, 15, NULL);
INSERT INTO topic_for (database_id, topic_id, sub_topic_id) VALUES (59, 15, NULL);
INSERT INTO topic_for (database_id, topic_id, sub_topic_id) VALUES (60, 15, NULL);



-- TOPIC FOR (sub_topics)-----------------------------------------------------------
INSERT INTO topic_for (database_id, topic_id, sub_topic_id) VALUES (1, NULL, 1);
INSERT INTO topic_for (database_id, topic_id, sub_topic_id) VALUES (1, NULL, 2);
INSERT INTO topic_for (database_id, topic_id, sub_topic_id) VALUES (2, NULL, 1);
INSERT INTO topic_for (database_id, topic_id, sub_topic_id) VALUES (2, NULL, 2);
INSERT INTO topic_for (database_id, topic_id, sub_topic_id) VALUES (3, NULL, 1);
INSERT INTO topic_for (database_id, topic_id, sub_topic_id) VALUES (3, NULL, 2);
INSERT INTO topic_for (database_id, topic_id, sub_topic_id) VALUES (4, NULL, 1);
INSERT INTO topic_for (database_id, topic_id, sub_topic_id) VALUES (4, NULL, 2);
INSERT INTO topic_for (database_id, topic_id, sub_topic_id) VALUES (5, NULL, 3);
INSERT INTO topic_for (database_id, topic_id, sub_topic_id) VALUES (5, NULL, 4);
INSERT INTO topic_for (database_id, topic_id, sub_topic_id) VALUES (6, NULL, 3);
INSERT INTO topic_for (database_id, topic_id, sub_topic_id) VALUES (6, NULL, 4);
INSERT INTO topic_for (database_id, topic_id, sub_topic_id) VALUES (7, NULL, 3);
INSERT INTO topic_for (database_id, topic_id, sub_topic_id) VALUES (7, NULL, 4);
INSERT INTO topic_for (database_id, topic_id, sub_topic_id) VALUES (8, NULL, 3);
INSERT INTO topic_for (database_id, topic_id, sub_topic_id) VALUES (8, NULL, 4);
INSERT INTO topic_for (database_id, topic_id, sub_topic_id) VALUES (9, NULL, 5);
INSERT INTO topic_for (database_id, topic_id, sub_topic_id) VALUES (9, NULL, 6);
INSERT INTO topic_for (database_id, topic_id, sub_topic_id) VALUES (10, NULL, 5);
INSERT INTO topic_for (database_id, topic_id, sub_topic_id) VALUES (10, NULL, 6);
INSERT INTO topic_for (database_id, topic_id, sub_topic_id) VALUES (11, NULL, 5);
INSERT INTO topic_for (database_id, topic_id, sub_topic_id) VALUES (11, NULL, 6);
INSERT INTO topic_for (database_id, topic_id, sub_topic_id) VALUES (12, NULL, 5);
INSERT INTO topic_for (database_id, topic_id, sub_topic_id) VALUES (12, NULL, 6);
INSERT INTO topic_for (database_id, topic_id, sub_topic_id) VALUES (13, NULL, 7);
INSERT INTO topic_for (database_id, topic_id, sub_topic_id) VALUES (13, NULL, 8);
INSERT INTO topic_for (database_id, topic_id, sub_topic_id) VALUES (14, NULL, 7);
INSERT INTO topic_for (database_id, topic_id, sub_topic_id) VALUES (14, NULL, 8);
INSERT INTO topic_for (database_id, topic_id, sub_topic_id) VALUES (15, NULL, 7);
INSERT INTO topic_for (database_id, topic_id, sub_topic_id) VALUES (15, NULL, 8);
INSERT INTO topic_for (database_id, topic_id, sub_topic_id) VALUES (16, NULL, 7);
INSERT INTO topic_for (database_id, topic_id, sub_topic_id) VALUES (16, NULL, 8);
INSERT INTO topic_for (database_id, topic_id, sub_topic_id) VALUES (17, NULL, 9);
INSERT INTO topic_for (database_id, topic_id, sub_topic_id) VALUES (17, NULL, 10);
INSERT INTO topic_for (database_id, topic_id, sub_topic_id) VALUES (18, NULL, 9);
INSERT INTO topic_for (database_id, topic_id, sub_topic_id) VALUES (18, NULL, 10);
INSERT INTO topic_for (database_id, topic_id, sub_topic_id) VALUES (19, NULL, 9);
INSERT INTO topic_for (database_id, topic_id, sub_topic_id) VALUES (19, NULL, 10);
INSERT INTO topic_for (database_id, topic_id, sub_topic_id) VALUES (20, NULL, 9);
INSERT INTO topic_for (database_id, topic_id, sub_topic_id) VALUES (20, NULL, 10);
INSERT INTO topic_for (database_id, topic_id, sub_topic_id) VALUES (21, NULL, 11);
INSERT INTO topic_for (database_id, topic_id, sub_topic_id) VALUES (21, NULL, 12);
INSERT INTO topic_for (database_id, topic_id, sub_topic_id) VALUES (22, NULL, 11);
INSERT INTO topic_for (database_id, topic_id, sub_topic_id) VALUES (22, NULL, 12);
INSERT INTO topic_for (database_id, topic_id, sub_topic_id) VALUES (23, NULL, 11);
INSERT INTO topic_for (database_id, topic_id, sub_topic_id) VALUES (23, NULL, 12);
INSERT INTO topic_for (database_id, topic_id, sub_topic_id) VALUES (24, NULL, 11);
INSERT INTO topic_for (database_id, topic_id, sub_topic_id) VALUES (24, NULL, 12);
INSERT INTO topic_for (database_id, topic_id, sub_topic_id) VALUES (25, NULL, 13);
INSERT INTO topic_for (database_id, topic_id, sub_topic_id) VALUES (25, NULL, 14);
INSERT INTO topic_for (database_id, topic_id, sub_topic_id) VALUES (26, NULL, 13);
INSERT INTO topic_for (database_id, topic_id, sub_topic_id) VALUES (26, NULL, 14);
INSERT INTO topic_for (database_id, topic_id, sub_topic_id) VALUES (27, NULL, 13);
INSERT INTO topic_for (database_id, topic_id, sub_topic_id) VALUES (27, NULL, 14);
INSERT INTO topic_for (database_id, topic_id, sub_topic_id) VALUES (28, NULL, 13);
INSERT INTO topic_for (database_id, topic_id, sub_topic_id) VALUES (28, NULL, 14);
INSERT INTO topic_for (database_id, topic_id, sub_topic_id) VALUES (29, NULL, 15);
INSERT INTO topic_for (database_id, topic_id, sub_topic_id) VALUES (29, NULL, 16);
INSERT INTO topic_for (database_id, topic_id, sub_topic_id) VALUES (30, NULL, 15);
INSERT INTO topic_for (database_id, topic_id, sub_topic_id) VALUES (30, NULL, 16);
INSERT INTO topic_for (database_id, topic_id, sub_topic_id) VALUES (31, NULL, 15);
INSERT INTO topic_for (database_id, topic_id, sub_topic_id) VALUES (31, NULL, 16);
INSERT INTO topic_for (database_id, topic_id, sub_topic_id) VALUES (32, NULL, 15);
INSERT INTO topic_for (database_id, topic_id, sub_topic_id) VALUES (32, NULL, 16);
INSERT INTO topic_for (database_id, topic_id, sub_topic_id) VALUES (33, NULL, 17);
INSERT INTO topic_for (database_id, topic_id, sub_topic_id) VALUES (33, NULL, 18);
INSERT INTO topic_for (database_id, topic_id, sub_topic_id) VALUES (34, NULL, 17);
INSERT INTO topic_for (database_id, topic_id, sub_topic_id) VALUES (34, NULL, 18);
INSERT INTO topic_for (database_id, topic_id, sub_topic_id) VALUES (35, NULL, 17);
INSERT INTO topic_for (database_id, topic_id, sub_topic_id) VALUES (35, NULL, 18);
INSERT INTO topic_for (database_id, topic_id, sub_topic_id) VALUES (36, NULL, 17);
INSERT INTO topic_for (database_id, topic_id, sub_topic_id) VALUES (36, NULL, 18);
INSERT INTO topic_for (database_id, topic_id, sub_topic_id) VALUES (37, NULL, 19);
INSERT INTO topic_for (database_id, topic_id, sub_topic_id) VALUES (37, NULL, 20);
INSERT INTO topic_for (database_id, topic_id, sub_topic_id) VALUES (38, NULL, 19);
INSERT INTO topic_for (database_id, topic_id, sub_topic_id) VALUES (38, NULL, 20);
INSERT INTO topic_for (database_id, topic_id, sub_topic_id) VALUES (39, NULL, 19);
INSERT INTO topic_for (database_id, topic_id, sub_topic_id) VALUES (39, NULL, 20);
INSERT INTO topic_for (database_id, topic_id, sub_topic_id) VALUES (40, NULL, 19);
INSERT INTO topic_for (database_id, topic_id, sub_topic_id) VALUES (40, NULL, 20);
INSERT INTO topic_for (database_id, topic_id, sub_topic_id) VALUES (41, NULL, 21);
INSERT INTO topic_for (database_id, topic_id, sub_topic_id) VALUES (41, NULL, 22);
INSERT INTO topic_for (database_id, topic_id, sub_topic_id) VALUES (42, NULL, 21);
INSERT INTO topic_for (database_id, topic_id, sub_topic_id) VALUES (42, NULL, 22);
INSERT INTO topic_for (database_id, topic_id, sub_topic_id) VALUES (43, NULL, 21);
INSERT INTO topic_for (database_id, topic_id, sub_topic_id) VALUES (43, NULL, 22);
INSERT INTO topic_for (database_id, topic_id, sub_topic_id) VALUES (44, NULL, 21);
INSERT INTO topic_for (database_id, topic_id, sub_topic_id) VALUES (44, NULL, 22);
INSERT INTO topic_for (database_id, topic_id, sub_topic_id) VALUES (45, NULL, 23);
INSERT INTO topic_for (database_id, topic_id, sub_topic_id) VALUES (45, NULL, 24);
INSERT INTO topic_for (database_id, topic_id, sub_topic_id) VALUES (46, NULL, 23);
INSERT INTO topic_for (database_id, topic_id, sub_topic_id) VALUES (46, NULL, 24);
INSERT INTO topic_for (database_id, topic_id, sub_topic_id) VALUES (47, NULL, 23);
INSERT INTO topic_for (database_id, topic_id, sub_topic_id) VALUES (47, NULL, 24);
INSERT INTO topic_for (database_id, topic_id, sub_topic_id) VALUES (48, NULL, 23);
INSERT INTO topic_for (database_id, topic_id, sub_topic_id) VALUES (48, NULL, 24);
INSERT INTO topic_for (database_id, topic_id, sub_topic_id) VALUES (49, NULL, 25);
INSERT INTO topic_for (database_id, topic_id, sub_topic_id) VALUES (49, NULL, 26);
INSERT INTO topic_for (database_id, topic_id, sub_topic_id) VALUES (50, NULL, 25);
INSERT INTO topic_for (database_id, topic_id, sub_topic_id) VALUES (50, NULL, 26);
INSERT INTO topic_for (database_id, topic_id, sub_topic_id) VALUES (51, NULL, 25);
INSERT INTO topic_for (database_id, topic_id, sub_topic_id) VALUES (51, NULL, 26);
INSERT INTO topic_for (database_id, topic_id, sub_topic_id) VALUES (52, NULL, 25);
INSERT INTO topic_for (database_id, topic_id, sub_topic_id) VALUES (52, NULL, 26);
INSERT INTO topic_for (database_id, topic_id, sub_topic_id) VALUES (53, NULL, 27);
INSERT INTO topic_for (database_id, topic_id, sub_topic_id) VALUES (53, NULL, 28);
INSERT INTO topic_for (database_id, topic_id, sub_topic_id) VALUES (54, NULL, 27);
INSERT INTO topic_for (database_id, topic_id, sub_topic_id) VALUES (54, NULL, 28);
INSERT INTO topic_for (database_id, topic_id, sub_topic_id) VALUES (55, NULL, 27);
INSERT INTO topic_for (database_id, topic_id, sub_topic_id) VALUES (55, NULL, 28);
INSERT INTO topic_for (database_id, topic_id, sub_topic_id) VALUES (56, NULL, 27);
INSERT INTO topic_for (database_id, topic_id, sub_topic_id) VALUES (56, NULL, 28);
INSERT INTO topic_for (database_id, topic_id, sub_topic_id) VALUES (57, NULL, 29);
INSERT INTO topic_for (database_id, topic_id, sub_topic_id) VALUES (57, NULL, 30);
INSERT INTO topic_for (database_id, topic_id, sub_topic_id) VALUES (58, NULL, 29);
INSERT INTO topic_for (database_id, topic_id, sub_topic_id) VALUES (58, NULL, 30);
INSERT INTO topic_for (database_id, topic_id, sub_topic_id) VALUES (59, NULL, 29);
INSERT INTO topic_for (database_id, topic_id, sub_topic_id) VALUES (59, NULL, 30);
INSERT INTO topic_for (database_id, topic_id, sub_topic_id) VALUES (60, NULL, 29);
INSERT INTO topic_for (database_id, topic_id, sub_topic_id) VALUES (60, NULL, 30);




-- topics recommended db 1
INSERT INTO topic_recommended_for (database_id, topic_id, sub_topic_id) VALUES (1, 1, NULL);
INSERT INTO topic_recommended_for (database_id, topic_id, sub_topic_id) VALUES (1, 2, NULL);
-- sub topics recommended db 1

INSERT INTO topic_recommended_for (database_id, topic_id, sub_topic_id) VALUES (1, NULL, 1);
INSERT INTO topic_recommended_for (database_id, topic_id, sub_topic_id) VALUES (1, NULL, 2);
INSERT INTO topic_recommended_for (database_id, topic_id, sub_topic_id) VALUES (1, NULL, 3);
INSERT INTO topic_recommended_for (database_id, topic_id, sub_topic_id) VALUES (1, NULL, 4);
INSERT INTO topic_recommended_for (database_id, topic_id, sub_topic_id) VALUES (1, NULL, 5);
INSERT INTO topic_recommended_for (database_id, topic_id, sub_topic_id) VALUES (1, NULL, 6);
INSERT INTO topic_recommended_for (database_id, topic_id, sub_topic_id) VALUES (1, NULL, 7);
INSERT INTO topic_recommended_for (database_id, topic_id, sub_topic_id) VALUES (1, NULL, 8);
INSERT INTO topic_recommended_for (database_id, topic_id, sub_topic_id) VALUES (1, NULL, 9);
INSERT INTO topic_recommended_for (database_id, topic_id, sub_topic_id) VALUES (1, NULL, 10);

-- topics recommended db 2
INSERT INTO topic_recommended_for (database_id, topic_id, sub_topic_id) VALUES (2, 2, NULL);
INSERT INTO topic_recommended_for (database_id, topic_id, sub_topic_id) VALUES (2, 3, NULL);
-- sub topics recommended db 2

INSERT INTO topic_recommended_for (database_id, topic_id, sub_topic_id) VALUES (2, NULL, 1);
INSERT INTO topic_recommended_for (database_id, topic_id, sub_topic_id) VALUES (2, NULL, 2);
INSERT INTO topic_recommended_for (database_id, topic_id, sub_topic_id) VALUES (2, NULL, 3);
INSERT INTO topic_recommended_for (database_id, topic_id, sub_topic_id) VALUES (2, NULL, 4);
INSERT INTO topic_recommended_for (database_id, topic_id, sub_topic_id) VALUES (2, NULL, 5);
INSERT INTO topic_recommended_for (database_id, topic_id, sub_topic_id) VALUES (2, NULL, 6);
INSERT INTO topic_recommended_for (database_id, topic_id, sub_topic_id) VALUES (2, NULL, 7);
INSERT INTO topic_recommended_for (database_id, topic_id, sub_topic_id) VALUES (2, NULL, 8);
INSERT INTO topic_recommended_for (database_id, topic_id, sub_topic_id) VALUES (2, NULL, 9);
INSERT INTO topic_recommended_for (database_id, topic_id, sub_topic_id) VALUES (2, NULL, 10);

-- topics recommended db 3
INSERT INTO topic_recommended_for (database_id, topic_id, sub_topic_id) VALUES (3, 3, NULL);
INSERT INTO topic_recommended_for (database_id, topic_id, sub_topic_id) VALUES (3, 4, NULL);
-- sub topics recommended db 3
INSERT INTO topic_recommended_for (database_id, topic_id, sub_topic_id) VALUES (3, NULL, 1);
INSERT INTO topic_recommended_for (database_id, topic_id, sub_topic_id) VALUES (3, NULL, 2);
INSERT INTO topic_recommended_for (database_id, topic_id, sub_topic_id) VALUES (3, NULL, 3);
INSERT INTO topic_recommended_for (database_id, topic_id, sub_topic_id) VALUES (3, NULL, 4);
INSERT INTO topic_recommended_for (database_id, topic_id, sub_topic_id) VALUES (3, NULL, 5);
INSERT INTO topic_recommended_for (database_id, topic_id, sub_topic_id) VALUES (3, NULL, 6);
INSERT INTO topic_recommended_for (database_id, topic_id, sub_topic_id) VALUES (3, NULL, 7);
INSERT INTO topic_recommended_for (database_id, topic_id, sub_topic_id) VALUES (3, NULL, 8);
INSERT INTO topic_recommended_for (database_id, topic_id, sub_topic_id) VALUES (3, NULL, 9);
INSERT INTO topic_recommended_for (database_id, topic_id, sub_topic_id) VALUES (3, NULL, 10);

-- topics recommended db 4
INSERT INTO topic_recommended_for (database_id, topic_id, sub_topic_id) VALUES (4, 1, NULL);
INSERT INTO topic_recommended_for (database_id, topic_id, sub_topic_id) VALUES (4, 4, NULL);
-- sub topics recommended db 4
INSERT INTO topic_recommended_for (database_id, topic_id, sub_topic_id) VALUES (4, NULL, 1);
INSERT INTO topic_recommended_for (database_id, topic_id, sub_topic_id) VALUES (4, NULL, 2);
INSERT INTO topic_recommended_for (database_id, topic_id, sub_topic_id) VALUES (4, NULL, 3);
INSERT INTO topic_recommended_for (database_id, topic_id, sub_topic_id) VALUES (4, NULL, 4);
INSERT INTO topic_recommended_for (database_id, topic_id, sub_topic_id) VALUES (4, NULL, 5);
INSERT INTO topic_recommended_for (database_id, topic_id, sub_topic_id) VALUES (4, NULL, 6);
INSERT INTO topic_recommended_for (database_id, topic_id, sub_topic_id) VALUES (4, NULL, 7);
INSERT INTO topic_recommended_for (database_id, topic_id, sub_topic_id) VALUES (4, NULL, 8);
INSERT INTO topic_recommended_for (database_id, topic_id, sub_topic_id) VALUES (4, NULL, 9);
INSERT INTO topic_recommended_for (database_id, topic_id, sub_topic_id) VALUES (4, NULL, 10);

-- topics recommended db 5
INSERT INTO topic_recommended_for (database_id, topic_id, sub_topic_id) VALUES (5, 2, NULL);
INSERT INTO topic_recommended_for (database_id, topic_id, sub_topic_id) VALUES (5, 4, NULL);
-- sub topics recommended db 5
INSERT INTO topic_recommended_for (database_id, topic_id, sub_topic_id) VALUES (5, NULL, 1);
INSERT INTO topic_recommended_for (database_id, topic_id, sub_topic_id) VALUES (5, NULL, 2);
INSERT INTO topic_recommended_for (database_id, topic_id, sub_topic_id) VALUES (5, NULL, 3);
INSERT INTO topic_recommended_for (database_id, topic_id, sub_topic_id) VALUES (5, NULL, 4);
INSERT INTO topic_recommended_for (database_id, topic_id, sub_topic_id) VALUES (5, NULL, 5);
INSERT INTO topic_recommended_for (database_id, topic_id, sub_topic_id) VALUES (5, NULL, 6);
INSERT INTO topic_recommended_for (database_id, topic_id, sub_topic_id) VALUES (5, NULL, 7);
INSERT INTO topic_recommended_for (database_id, topic_id, sub_topic_id) VALUES (5, NULL, 8);
INSERT INTO topic_recommended_for (database_id, topic_id, sub_topic_id) VALUES (5, NULL, 9);
INSERT INTO topic_recommended_for (database_id, topic_id, sub_topic_id) VALUES (5, NULL, 10);


-- topics recommended db 6
INSERT INTO topic_recommended_for (database_id, topic_id, sub_topic_id) VALUES (6, 1, NULL);
INSERT INTO topic_recommended_for (database_id, topic_id, sub_topic_id) VALUES (6, 3, NULL);
-- sub topics recommended db 6
INSERT INTO topic_recommended_for (database_id, topic_id, sub_topic_id) VALUES (6, NULL, 1);
INSERT INTO topic_recommended_for (database_id, topic_id, sub_topic_id) VALUES (6, NULL, 2);
INSERT INTO topic_recommended_for (database_id, topic_id, sub_topic_id) VALUES (6, NULL, 3);
INSERT INTO topic_recommended_for (database_id, topic_id, sub_topic_id) VALUES (6, NULL, 4);
INSERT INTO topic_recommended_for (database_id, topic_id, sub_topic_id) VALUES (6, NULL, 5);
INSERT INTO topic_recommended_for (database_id, topic_id, sub_topic_id) VALUES (6, NULL, 6);
INSERT INTO topic_recommended_for (database_id, topic_id, sub_topic_id) VALUES (6, NULL, 7);
INSERT INTO topic_recommended_for (database_id, topic_id, sub_topic_id) VALUES (6, NULL, 8);
INSERT INTO topic_recommended_for (database_id, topic_id, sub_topic_id) VALUES (6, NULL, 9);
INSERT INTO topic_recommended_for (database_id, topic_id, sub_topic_id) VALUES (6, NULL, 10);

-- alternative_titles
INSERT INTO alternative_titles (id, title) VALUES (1, 'alt title 1');
INSERT INTO alternative_titles (id, title) VALUES (3, 'alt title 3');
INSERT INTO alternative_titles (id, title) VALUES (4, 'alt title 4');
INSERT INTO alternative_titles (id, title) VALUES (5, 'alt title 5');
INSERT INTO alternative_titles (id, title) VALUES (6, 'alt title 6');
INSERT INTO alternative_titles (id, title) VALUES (7, 'alt title 7');
INSERT INTO alternative_titles (id, title) VALUES (8, 'alt title 8');

INSERT INTO alternative_title_for (database_id, alternative_title_id) VALUES (1, 1);
INSERT INTO alternative_title_for (database_id, alternative_title_id) VALUES (2, 2);
INSERT INTO alternative_title_for (database_id, alternative_title_id) VALUES (2, 3);
INSERT INTO alternative_title_for (database_id, alternative_title_id) VALUES (1, 4);

-- Publishers

INSERT INTO publishers (id, title_en, title_sv) VALUES (1, 'Romanjevi publishing (en)', 'Romanjevi publishing (sv)');
INSERT INTO publishers (id, title_en, title_sv) VALUES (2, 'ABC publishing (en)', 'ABC publishing (sv)');
INSERT INTO publishers (id, title_en, title_sv) VALUES (3, 'Skumrask publishing (en)', 'Skumrask publishing (sv)');

-- db and publisher relation

INSERT INTO publisher_for (database_id, publisher_id) VALUES (1,1);
INSERT INTO publisher_for (database_id, publisher_id) VALUES (1,2);
INSERT INTO publisher_for (database_id, publisher_id) VALUES (2,3);
INSERT INTO publisher_for (database_id, publisher_id) VALUES (3,3);

INSERT INTO urls (id, title, url) VALUES (1, 'link title 1', 'www.google.com');
INSERT INTO urls (id, title, url) VALUES (2, 'link title 2', 'www.google.com');
INSERT INTO urls (id, title, url) VALUES (3, 'link title 3', 'www.google.com');
INSERT INTO urls (id, title, url) VALUES (4, 'link title 4', 'www.google.com');
INSERT INTO urls (id, title, url) VALUES (5, 'link title 5', 'www.google.com');

INSERT INTO url_for (database_id, url_id) VALUES (1, 1);
INSERT INTO url_for (database_id, url_id) VALUES (1, 2);
INSERT INTO url_for (database_id, url_id) VALUES (2, 3);
INSERT INTO url_for (database_id, url_id) VALUES (3, 4);

INSERT INTO terms_of_use (id, code) VALUES (1, 'print_article_chapter');
INSERT INTO terms_of_use (id, code) VALUES (2, 'download_article_chapter');
INSERT INTO terms_of_use (id, code) VALUES (3, 'course_pack_print');
INSERT INTO terms_of_use (id, code) VALUES (4, 'gul_course_pack_electronic');
INSERT INTO terms_of_use (id, code) VALUES (5, 'scholarly_sharing');
INSERT INTO terms_of_use (id, code) VALUES (6, 'interlibrary_loan');

INSERT INTO terms_of_use_for (id, database_id, terms_of_use_id, description_sv, description_en, permitted) VALUES (1, 1, 1, 'terms of use description 1 (sv)', 'terms of use description 1 (en)', FALSE);
INSERT INTO terms_of_use_for (id, database_id, terms_of_use_id, description_sv, description_en, permitted) VALUES (2, 2, 1, 'terms of use description 2 (sv)', 'terms of use description 2 (en)', TRUE);
INSERT INTO terms_of_use_for (id, database_id, terms_of_use_id, description_sv, description_en, permitted) VALUES (3, 3, 1, 'terms of use description 3 (sv)', 'terms of use description 3 (en)', FALSE);
INSERT INTO terms_of_use_for (id, database_id, terms_of_use_id, description_sv, description_en, permitted) VALUES (4, 1, 2, 'terms of use description 4 (sv)', 'terms of use description 4 (en)', TRUE);
INSERT INTO terms_of_use_for (id, database_id, terms_of_use_id, description_sv, description_en, permitted) VALUES (5, 2, 3, 'terms of use description 4 (sv)', 'terms of use description 4 (en)', TRUE);
INSERT INTO terms_of_use_for (id, database_id, terms_of_use_id, description_sv, description_en, permitted) VALUES (6, 2, 4, 'terms of use description 4 (sv)', 'terms of use description 4 (en)', TRUE);
INSERT INTO terms_of_use_for (id, database_id, terms_of_use_id, description_sv, description_en, permitted) VALUES (7, 3, 5, 'terms of use description 4 (sv)', 'terms of use description 4 (en)', TRUE);
INSERT INTO terms_of_use_for (id, database_id, terms_of_use_id, description_sv, description_en, permitted) VALUES (8, 3, 6, 'terms of use description 4 (sv)', 'terms of use description 4 (en)', TRUE);


INSERT INTO media_types (id, name_en, name_sv) VALUES (1, 'media type 1 (en)', 'media type 1 (sv)');
INSERT INTO media_types (id, name_en, name_sv) VALUES (2, 'media type 2 (en)', 'media type 2 (sv)');
INSERT INTO media_types (id, name_en, name_sv) VALUES (3, 'media type 3 (en)', 'media type 3 (sv)');
INSERT INTO media_types (id, name_en, name_sv) VALUES (4, 'media type 4 (en)', 'media type 4 (sv)');
INSERT INTO media_types (id, name_en, name_sv) VALUES (5, 'media type 5 (en)', 'media type 5 (sv)');
INSERT INTO media_types (id, name_en, name_sv) VALUES (6, 'media type 6 (en)', 'media type 6 (sv)');

INSERT INTO media_type_for (database_id, media_type_id) VALUES (1,1);
INSERT INTO media_type_for (database_id, media_type_id) VALUES (1,2);
INSERT INTO media_type_for (database_id, media_type_id) VALUES (2,2);
INSERT INTO media_type_for (database_id, media_type_id) VALUES (3,3);
INSERT INTO media_type_for (database_id, media_type_id) VALUES (3,4);

