-- DATABASES ------------
INSERT INTO databases (id, title_en, title_sv, description_en, description_sv, is_popular, malfunction_message, malfunction_message_active, public_access, access_information_code) VALUES(1, 'Database 1 (en)', 'Databas 1 (sv)','(en) - Lorem ipsum dolor sit amet, consectetur adipiscing elit. Proin cursus rhoncus purus, id convallis quam ullamcorper et.', '(sv) - Lorem ipsum dolor sit amet, consectetur adipiscing elit. Proin cursus rhoncus purus, id convallis quam ullamcorper et.', TRUE, 'down for maintenance', FALSE, FALSE, 'This database is not free');
INSERT INTO databases (id, title_en, title_sv, description_en, description_sv, is_popular, malfunction_message, malfunction_message_active, public_access, access_information_code) VALUES(2, 'Database 2 (en)', 'Databas 2 (sv)','(en) - Lorem ipsum dolor sit amet, consectetur adipiscing elit. Proin cursus rhoncus purus, id convallis quam ullamcorper et.', '(sv) - Lorem ipsum dolor sit amet, consectetur adipiscing elit. Proin cursus rhoncus purus, id convallis quam ullamcorper et.', TRUE, 'down for maintenance', FALSE, FALSE, 'This database is not free');
INSERT INTO databases (id, title_en, title_sv, description_en, description_sv, is_popular, malfunction_message, malfunction_message_active, public_access, access_information_code) VALUES(3, 'Database 3 (en)', 'Databas 3 (sv)','(en) - Lorem ipsum dolor sit amet, consectetur adipiscing elit. Proin cursus rhoncus purus, id convallis quam ullamcorper et.', '(sv) - Lorem ipsum dolor sit amet, consectetur adipiscing elit. Proin cursus rhoncus purus, id convallis quam ullamcorper et.', TRUE, 'down for maintenance', FALSE, FALSE, 'This database is not free');
INSERT INTO databases (id, title_en, title_sv, description_en, description_sv, is_popular, malfunction_message, malfunction_message_active, public_access, access_information_code) VALUES(4, 'Database 4 (en)', 'Databas 4 (sv)','(en) - Lorem ipsum dolor sit amet, consectetur adipiscing elit. Proin cursus rhoncus purus, id convallis quam ullamcorper et.', '(sv) - Lorem ipsum dolor sit amet, consectetur adipiscing elit. Proin cursus rhoncus purus, id convallis quam ullamcorper et.', TRUE, 'down for maintenance', FALSE, FALSE, 'This database is not free');
INSERT INTO databases (id, title_en, title_sv, description_en, description_sv, is_popular, malfunction_message, malfunction_message_active, public_access, access_information_code) VALUES(5, 'Database 5 (en)', 'Databas 5 (sv)','(en) - Lorem ipsum dolor sit amet, consectetur adipiscing elit. Proin cursus rhoncus purus, id convallis quam ullamcorper et.', '(sv) - Lorem ipsum dolor sit amet, consectetur adipiscing elit. Proin cursus rhoncus purus, id convallis quam ullamcorper et.', TRUE, 'down for maintenance', FALSE, FALSE, 'This database is not free');
INSERT INTO databases (id, title_en, title_sv, description_en, description_sv, is_popular, malfunction_message, malfunction_message_active, public_access, access_information_code) VALUES(6, 'Database 6 (en)', 'Databas 6 (sv)','(en) - Lorem ipsum dolor sit amet, consectetur adipiscing elit. Proin cursus rhoncus purus, id convallis quam ullamcorper et.', '(sv) - Lorem ipsum dolor sit amet, consectetur adipiscing elit. Proin cursus rhoncus purus, id convallis quam ullamcorper et.', FALSE, 'down for maintenance', FALSE, FALSE, 'This database is not free');
INSERT INTO databases (id, title_en, title_sv, description_en, description_sv, is_popular, malfunction_message, malfunction_message_active, public_access, access_information_code) VALUES(7, 'Database 7 (en)', 'Databas 7 (sv)','(en) - Lorem ipsum dolor sit amet, consectetur adipiscing elit. Proin cursus rhoncus purus, id convallis quam ullamcorper et.', '(sv) - Lorem ipsum dolor sit amet, consectetur adipiscing elit. Proin cursus rhoncus purus, id convallis quam ullamcorper et.', FALSE, 'down for maintenance', FALSE, FALSE, 'This database is not free');
INSERT INTO databases (id, title_en, title_sv, description_en, description_sv, is_popular, malfunction_message, malfunction_message_active, public_access, access_information_code) VALUES(8, 'Database 8 (en)', 'Databas 8 (sv)','(en) - Lorem ipsum dolor sit amet, consectetur adipiscing elit. Proin cursus rhoncus purus, id convallis quam ullamcorper et.', '(sv) - Lorem ipsum dolor sit amet, consectetur adipiscing elit. Proin cursus rhoncus purus, id convallis quam ullamcorper et.', FALSE, 'down for maintenance', FALSE, FALSE, 'This database is not free');
INSERT INTO databases (id, title_en, title_sv, description_en, description_sv, is_popular, malfunction_message, malfunction_message_active, public_access, access_information_code) VALUES(9, 'Database 9 (en)', 'Databas 9 (sv)','(en) - Lorem ipsum dolor sit amet, consectetur adipiscing elit. Proin cursus rhoncus purus, id convallis quam ullamcorper et.', '(sv) - Lorem ipsum dolor sit amet, consectetur adipiscing elit. Proin cursus rhoncus purus, id convallis quam ullamcorper et.', FALSE, 'down for maintenance', FALSE, FALSE, 'This database is not free');
INSERT INTO databases (id, title_en, title_sv, description_en, description_sv, is_popular, malfunction_message, malfunction_message_active, public_access, access_information_code) VALUES(10, 'Database 10 (en)', 'Databas 10 (sv)','(en) - Lorem ipsum dolor sit amet, consectetur adipiscing elit. Proin cursus rhoncus purus, id convallis quam ullamcorper et.', '(sv) - Lorem ipsum dolor sit amet, consectetur adipiscing elit. Proin cursus rhoncus purus, id convallis quam ullamcorper et.', FALSE, 'down for maintenance', FALSE, FALSE, 'This database is not free');
INSERT INTO databases (id, title_en, title_sv, description_en, description_sv, is_popular, malfunction_message, malfunction_message_active, public_access, access_information_code) VALUES(11, 'Database 11 (en)', 'Databas 11 (sv)','(en) - Lorem ipsum dolor sit amet, consectetur adipiscing elit. Proin cursus rhoncus purus, id convallis quam ullamcorper et.', '(sv) - Lorem ipsum dolor sit amet, consectetur adipiscing elit. Proin cursus rhoncus purus, id convallis quam ullamcorper et.', FALSE, 'down for maintenance', FALSE, FALSE, 'This database is not free');
INSERT INTO databases (id, title_en, title_sv, description_en, description_sv, is_popular, malfunction_message, malfunction_message_active, public_access, access_information_code) VALUES(12, 'Database 12 (en)', 'Databas 12 (sv)','(en) - Lorem ipsum dolor sit amet, consectetur adipiscing elit. Proin cursus rhoncus purus, id convallis quam ullamcorper et.', '(sv) - Lorem ipsum dolor sit amet, consectetur adipiscing elit. Proin cursus rhoncus purus, id convallis quam ullamcorper et.', FALSE, 'down for maintenance', FALSE, TRUE, 'This database is not free');
INSERT INTO databases (id, title_en, title_sv, description_en, description_sv, is_popular, malfunction_message, malfunction_message_active, public_access, access_information_code) VALUES(13, 'Database 13 (en)', 'Databas 13 (sv)','(en) - Lorem ipsum dolor sit amet, consectetur adipiscing elit. Proin cursus rhoncus purus, id convallis quam ullamcorper et.', '(sv) - Lorem ipsum dolor sit amet, consectetur adipiscing elit. Proin cursus rhoncus purus, id convallis quam ullamcorper et.', FALSE, 'down for maintenance', FALSE, TRUE, 'This database is not free');
INSERT INTO databases (id, title_en, title_sv, description_en, description_sv, is_popular, malfunction_message, malfunction_message_active, public_access, access_information_code) VALUES(14, 'Database 14 (en)', 'Databas 14 (sv)','(en) - Lorem ipsum dolor sit amet, consectetur adipiscing elit. Proin cursus rhoncus purus, id convallis quam ullamcorper et.', '(sv) - Lorem ipsum dolor sit amet, consectetur adipiscing elit. Proin cursus rhoncus purus, id convallis quam ullamcorper et.', FALSE, 'down for maintenance', FALSE, TRUE, 'This database is not free');
INSERT INTO databases (id, title_en, title_sv, description_en, description_sv, is_popular, malfunction_message, malfunction_message_active, public_access, access_information_code) VALUES(15, 'Database 15 (en)', 'Databas 15 (sv)','(en) - Lorem ipsum dolor sit amet, consectetur adipiscing elit. Proin cursus rhoncus purus, id convallis quam ullamcorper et.', '(sv) - Lorem ipsum dolor sit amet, consectetur adipiscing elit. Proin cursus rhoncus purus, id convallis quam ullamcorper et.', FALSE, 'down for maintenance', FALSE, TRUE, 'This database is not free');



-- TOPICS ------------
INSERT INTO topics (id, name_en, name_sv) VALUES (1 , 'Thirty who (en)', 'Thirty who(sv)');
INSERT INTO topics (id, name_en, name_sv) VALUES (2 , 'String too (en)', 'String too(sv)');
INSERT INTO topics (id, name_en, name_sv) VALUES (3 , 'Bow soap (en)', 'Bow soap(sv)');
INSERT INTO topics (id, name_en, name_sv) VALUES (4 , 'Use like (en)', 'Use like(sv)');
INSERT INTO topics (id, name_en, name_sv) VALUES (5 , 'Battle respect (en)', 'Battle respect(sv)');
INSERT INTO topics (id, name_en, name_sv) VALUES (6 , 'Myself stand (en)', 'Myself stand(sv)');
INSERT INTO topics (id, name_en, name_sv) VALUES (7 , 'Cause valuable (en)', 'Cause valuable(sv)');
INSERT INTO topics (id, name_en, name_sv) VALUES (8 , 'Drive own (en)', 'Drive own(sv)');
INSERT INTO topics (id, name_en, name_sv) VALUES (9 , 'Definition view (en)', 'Definition view(sv)');
INSERT INTO topics (id, name_en, name_sv) VALUES (10 , 'Claws aware (en)', 'Claws aware(sv)');
INSERT INTO topics (id, name_en, name_sv) VALUES (11 , 'Bear father (en)', 'Bear father(sv)');
INSERT INTO topics (id, name_en, name_sv) VALUES (12 , 'Shoe gulf (en)', 'Shoe gulf(sv)');
INSERT INTO topics (id, name_en, name_sv) VALUES (13 , 'Balloon shape (en)', 'Balloon shape(sv)');
INSERT INTO topics (id, name_en, name_sv) VALUES (14 , 'Labor lucky (en)', 'Labor lucky(sv)');
INSERT INTO topics (id, name_en, name_sv) VALUES (15 , 'Cover fourth (en)', 'Cover fourth(sv)');
INSERT INTO topics (id, name_en, name_sv) VALUES (16 , 'Pink led (en)', 'Pink led(sv)');
INSERT INTO topics (id, name_en, name_sv) VALUES (17 , 'Mean led (en)', 'Mean led(sv)');
INSERT INTO topics (id, name_en, name_sv) VALUES (18 , 'Score planning (en)', 'Score planning(sv)');
INSERT INTO topics (id, name_en, name_sv) VALUES (19 , 'Citizen tropical (en)', 'Citizen tropical(sv)');
INSERT INTO topics (id, name_en, name_sv) VALUES (20 , 'Capital community (en)', 'Capital community(sv)');
INSERT INTO topics (id, name_en, name_sv) VALUES (21 , 'Cup pink (en)', 'Cup pink(sv)');
INSERT INTO topics (id, name_en, name_sv) VALUES (22 , 'Rush two (en)', 'Rush two(sv)');
INSERT INTO topics (id, name_en, name_sv) VALUES (23 , 'Band plate (en)', 'Band plate(sv)');
INSERT INTO topics (id, name_en, name_sv) VALUES (24 , 'Simply pole (en)', 'Simply pole(sv)');
INSERT INTO topics (id, name_en, name_sv) VALUES (25 , 'Branch chamber (en)', 'Branch chamber(sv)');
INSERT INTO topics (id, name_en, name_sv) VALUES (26 , 'Even naturally (en)', 'Even naturally(sv)');
INSERT INTO topics (id, name_en, name_sv) VALUES (27 , 'Raise public (en)', 'Raise public(sv)');
INSERT INTO topics (id, name_en, name_sv) VALUES (28 , 'Fairly function (en)', 'Fairly function(sv)');
INSERT INTO topics (id, name_en, name_sv) VALUES (29 , 'Appropriate due (en)', 'Appropriate due(sv)');
INSERT INTO topics (id, name_en, name_sv) VALUES (30 , 'Yellow cookies (en)', 'Yellow cookies(sv)');



-- SUB TOPICS ddd------------
INSERT INTO sub_topics (id, name_en, name_sv, topic_id) VALUES (1 , 'Mud feed (en)', 'Mud feed(sv)', 1);
INSERT INTO sub_topics (id, name_en, name_sv, topic_id) VALUES (2 , 'Birthday low (en)', 'Birthday low(sv)', 2);
INSERT INTO sub_topics (id, name_en, name_sv, topic_id) VALUES (3 , 'Likely hunt (en)', 'Likely hunt(sv)', 3);
INSERT INTO sub_topics (id, name_en, name_sv, topic_id) VALUES (4 , 'Whether select (en)', 'Whether select(sv)', 4);
INSERT INTO sub_topics (id, name_en, name_sv, topic_id) VALUES (5 , 'Belong metal (en)', 'Belong metal(sv)', 5);
INSERT INTO sub_topics (id, name_en, name_sv, topic_id) VALUES (6 , 'Fear steel (en)', 'Fear steel(sv)', 6);
INSERT INTO sub_topics (id, name_en, name_sv, topic_id) VALUES (7 , 'Laid physical (en)', 'Laid physical(sv)', 7);
INSERT INTO sub_topics (id, name_en, name_sv, topic_id) VALUES (8 , 'Solid fast (en)', 'Solid fast(sv)', 8);
INSERT INTO sub_topics (id, name_en, name_sv, topic_id) VALUES (9 , 'Larger myself (en)', 'Larger myself(sv)', 9);
INSERT INTO sub_topics (id, name_en, name_sv, topic_id) VALUES (10 , 'If exist (en)', 'If exist(sv)', 10);
INSERT INTO sub_topics (id, name_en, name_sv, topic_id) VALUES (11 , 'This distance (en)', 'This distance(sv)', 11);
INSERT INTO sub_topics (id, name_en, name_sv, topic_id) VALUES (12 , 'Count train (en)', 'Count train(sv)', 12);
INSERT INTO sub_topics (id, name_en, name_sv, topic_id) VALUES (13 , 'Class obtain (en)', 'Class obtain(sv)', 13);
INSERT INTO sub_topics (id, name_en, name_sv, topic_id) VALUES (14 , 'Last belt (en)', 'Last belt(sv)', 14);
INSERT INTO sub_topics (id, name_en, name_sv, topic_id) VALUES (15 , 'Community having (en)', 'Community having(sv)', 15);
INSERT INTO sub_topics (id, name_en, name_sv, topic_id) VALUES (16 , 'Asleep state (en)', 'Asleep state(sv)', 16);
INSERT INTO sub_topics (id, name_en, name_sv, topic_id) VALUES (17 , 'Gold include (en)', 'Gold include(sv)', 17);
INSERT INTO sub_topics (id, name_en, name_sv, topic_id) VALUES (18 , 'Us orbit (en)', 'Us orbit(sv)', 18);
INSERT INTO sub_topics (id, name_en, name_sv, topic_id) VALUES (19 , 'Once stand (en)', 'Once stand(sv)', 19);
INSERT INTO sub_topics (id, name_en, name_sv, topic_id) VALUES (20 , 'Determine mother (en)', 'Determine mother(sv)', 20);
INSERT INTO sub_topics (id, name_en, name_sv, topic_id) VALUES (21 , 'Dead particles (en)', 'Dead particles(sv)', 21);
INSERT INTO sub_topics (id, name_en, name_sv, topic_id) VALUES (22 , 'Something recent (en)', 'Something recent(sv)', 22);
INSERT INTO sub_topics (id, name_en, name_sv, topic_id) VALUES (23 , 'Merely voice (en)', 'Merely voice(sv)', 23);
INSERT INTO sub_topics (id, name_en, name_sv, topic_id) VALUES (24 , 'Bright operation (en)', 'Bright operation(sv)', 24);
INSERT INTO sub_topics (id, name_en, name_sv, topic_id) VALUES (25 , 'Syllable color (en)', 'Syllable color(sv)', 25);
INSERT INTO sub_topics (id, name_en, name_sv, topic_id) VALUES (26 , 'Stomach independent (en)', 'Stomach independent(sv)', 26);
INSERT INTO sub_topics (id, name_en, name_sv, topic_id) VALUES (27 , 'Location place (en)', 'Location place(sv)', 27);
INSERT INTO sub_topics (id, name_en, name_sv, topic_id) VALUES (28 , 'Solar fifteen (en)', 'Solar fifteen(sv)', 28);
INSERT INTO sub_topics (id, name_en, name_sv, topic_id) VALUES (29 , 'Studied exact (en)', 'Studied exact(sv)', 29);
INSERT INTO sub_topics (id, name_en, name_sv, topic_id) VALUES (30 , 'Biggest soon (en)', 'Biggest soon(sv)', 30);
INSERT INTO sub_topics (id, name_en, name_sv, topic_id) VALUES (31 , 'Cloth children (en)', 'Cloth children(sv)', 1);
INSERT INTO sub_topics (id, name_en, name_sv, topic_id) VALUES (32 , 'Inch afternoon (en)', 'Inch afternoon(sv)', 2);
INSERT INTO sub_topics (id, name_en, name_sv, topic_id) VALUES (33 , 'Correct engineer (en)', 'Correct engineer(sv)', 3);
INSERT INTO sub_topics (id, name_en, name_sv, topic_id) VALUES (34 , 'Chance salt (en)', 'Chance salt(sv)', 4);
INSERT INTO sub_topics (id, name_en, name_sv, topic_id) VALUES (35 , 'Sink worry (en)', 'Sink worry(sv)', 5);
INSERT INTO sub_topics (id, name_en, name_sv, topic_id) VALUES (36 , 'Orbit drew (en)', 'Orbit drew(sv)', 6);
INSERT INTO sub_topics (id, name_en, name_sv, topic_id) VALUES (37 , 'Tongue came (en)', 'Tongue came(sv)', 7);
INSERT INTO sub_topics (id, name_en, name_sv, topic_id) VALUES (38 , 'Salt hole (en)', 'Salt hole(sv)', 8);
INSERT INTO sub_topics (id, name_en, name_sv, topic_id) VALUES (39 , 'Do exactly (en)', 'Do exactly(sv)', 9);
INSERT INTO sub_topics (id, name_en, name_sv, topic_id) VALUES (40 , 'Queen spider (en)', 'Queen spider(sv)', 10);
INSERT INTO sub_topics (id, name_en, name_sv, topic_id) VALUES (41 , 'Like thick (en)', 'Like thick(sv)', 11);
INSERT INTO sub_topics (id, name_en, name_sv, topic_id) VALUES (42 , 'Consider character (en)', 'Consider character(sv)', 12);
INSERT INTO sub_topics (id, name_en, name_sv, topic_id) VALUES (43 , 'Birds board (en)', 'Birds board(sv)', 13);
INSERT INTO sub_topics (id, name_en, name_sv, topic_id) VALUES (44 , 'Collect dead (en)', 'Collect dead(sv)', 14);
INSERT INTO sub_topics (id, name_en, name_sv, topic_id) VALUES (45 , 'Hour increase (en)', 'Hour increase(sv)', 15);
INSERT INTO sub_topics (id, name_en, name_sv, topic_id) VALUES (46 , 'Shoulder base (en)', 'Shoulder base(sv)', 16);
INSERT INTO sub_topics (id, name_en, name_sv, topic_id) VALUES (47 , 'Tide vast (en)', 'Tide vast(sv)', 17);
INSERT INTO sub_topics (id, name_en, name_sv, topic_id) VALUES (48 , 'Labor count (en)', 'Labor count(sv)', 18);
INSERT INTO sub_topics (id, name_en, name_sv, topic_id) VALUES (49 , 'Deer all (en)', 'Deer all(sv)', 19);
INSERT INTO sub_topics (id, name_en, name_sv, topic_id) VALUES (50 , 'Owner definition (en)', 'Owner definition(sv)', 20);
INSERT INTO sub_topics (id, name_en, name_sv, topic_id) VALUES (51 , 'Stick rich (en)', 'Stick rich(sv)', 21);
INSERT INTO sub_topics (id, name_en, name_sv, topic_id) VALUES (52 , 'Glad promised (en)', 'Glad promised(sv)', 22);
INSERT INTO sub_topics (id, name_en, name_sv, topic_id) VALUES (53 , 'Beginning brick (en)', 'Beginning brick(sv)', 23);
INSERT INTO sub_topics (id, name_en, name_sv, topic_id) VALUES (54 , 'Island may (en)', 'Island may(sv)', 24);
INSERT INTO sub_topics (id, name_en, name_sv, topic_id) VALUES (55 , 'Child riding (en)', 'Child riding(sv)', 25);
INSERT INTO sub_topics (id, name_en, name_sv, topic_id) VALUES (56 , 'Farmer until (en)', 'Farmer until(sv)', 26);
INSERT INTO sub_topics (id, name_en, name_sv, topic_id) VALUES (57 , 'Company drive (en)', 'Company drive(sv)', 27);
INSERT INTO sub_topics (id, name_en, name_sv, topic_id) VALUES (58 , 'Capital animal (en)', 'Capital animal(sv)', 28);
INSERT INTO sub_topics (id, name_en, name_sv, topic_id) VALUES (59 , 'Brought basis (en)', 'Brought basis(sv)', 29);
INSERT INTO sub_topics (id, name_en, name_sv, topic_id) VALUES (60 , 'Stay surface (en)', 'Stay surface(sv)', 30);
INSERT INTO sub_topics (id, name_en, name_sv, topic_id) VALUES (61 , 'As planet (en)', 'As planet(sv)', 1);
INSERT INTO sub_topics (id, name_en, name_sv, topic_id) VALUES (62 , 'Heading wonder (en)', 'Heading wonder(sv)', 2);
INSERT INTO sub_topics (id, name_en, name_sv, topic_id) VALUES (63 , 'Now nodded (en)', 'Now nodded(sv)', 3);
INSERT INTO sub_topics (id, name_en, name_sv, topic_id) VALUES (64 , 'Blow influence (en)', 'Blow influence(sv)', 4);
INSERT INTO sub_topics (id, name_en, name_sv, topic_id) VALUES (65 , 'Conversation unless (en)', 'Conversation unless(sv)', 5);
INSERT INTO sub_topics (id, name_en, name_sv, topic_id) VALUES (66 , 'Both pocket (en)', 'Both pocket(sv)', 6);
INSERT INTO sub_topics (id, name_en, name_sv, topic_id) VALUES (67 , 'Date answer (en)', 'Date answer(sv)', 7);
INSERT INTO sub_topics (id, name_en, name_sv, topic_id) VALUES (68 , 'Outline fair (en)', 'Outline fair(sv)', 8);
INSERT INTO sub_topics (id, name_en, name_sv, topic_id) VALUES (69 , 'Object under (en)', 'Object under(sv)', 9);
INSERT INTO sub_topics (id, name_en, name_sv, topic_id) VALUES (70 , 'Compass familiar (en)', 'Compass familiar(sv)', 10);
INSERT INTO sub_topics (id, name_en, name_sv, topic_id) VALUES (71 , 'Dirt porch (en)', 'Dirt porch(sv)', 11);
INSERT INTO sub_topics (id, name_en, name_sv, topic_id) VALUES (72 , 'Place perfectly (en)', 'Place perfectly(sv)', 12);
INSERT INTO sub_topics (id, name_en, name_sv, topic_id) VALUES (73 , 'Angle substance (en)', 'Angle substance(sv)', 13);
INSERT INTO sub_topics (id, name_en, name_sv, topic_id) VALUES (74 , 'Welcome dress (en)', 'Welcome dress(sv)', 14);
INSERT INTO sub_topics (id, name_en, name_sv, topic_id) VALUES (75 , 'Victory cloth (en)', 'Victory cloth(sv)', 15);
INSERT INTO sub_topics (id, name_en, name_sv, topic_id) VALUES (76 , 'Sudden grow (en)', 'Sudden grow(sv)', 16);
INSERT INTO sub_topics (id, name_en, name_sv, topic_id) VALUES (77 , 'Pond plates (en)', 'Pond plates(sv)', 17);
INSERT INTO sub_topics (id, name_en, name_sv, topic_id) VALUES (78 , 'Air choice (en)', 'Air choice(sv)', 18);
INSERT INTO sub_topics (id, name_en, name_sv, topic_id) VALUES (79 , 'Ought discovery (en)', 'Ought discovery(sv)', 19);
INSERT INTO sub_topics (id, name_en, name_sv, topic_id) VALUES (80 , 'Instant door (en)', 'Instant door(sv)', 20);
INSERT INTO sub_topics (id, name_en, name_sv, topic_id) VALUES (81 , 'Sitting hunter (en)', 'Sitting hunter(sv)', 21);
INSERT INTO sub_topics (id, name_en, name_sv, topic_id) VALUES (82 , 'Solve molecular (en)', 'Solve molecular(sv)', 22);
INSERT INTO sub_topics (id, name_en, name_sv, topic_id) VALUES (83 , 'Were voice (en)', 'Were voice(sv)', 23);
INSERT INTO sub_topics (id, name_en, name_sv, topic_id) VALUES (84 , 'Story phrase (en)', 'Story phrase(sv)', 24);
INSERT INTO sub_topics (id, name_en, name_sv, topic_id) VALUES (85 , 'Struggle importance (en)', 'Struggle importance(sv)', 25);
INSERT INTO sub_topics (id, name_en, name_sv, topic_id) VALUES (86 , 'Instance stage (en)', 'Instance stage(sv)', 26);
INSERT INTO sub_topics (id, name_en, name_sv, topic_id) VALUES (87 , 'Or poor (en)', 'Or poor(sv)', 27);
INSERT INTO sub_topics (id, name_en, name_sv, topic_id) VALUES (88 , 'Bridge finally (en)', 'Bridge finally(sv)', 28);
INSERT INTO sub_topics (id, name_en, name_sv, topic_id) VALUES (89 , 'Made change (en)', 'Made change(sv)', 29);
INSERT INTO sub_topics (id, name_en, name_sv, topic_id) VALUES (90 , 'Dirt shape (en)', 'Dirt shape(sv)', 30);



-- TOPIC FOR ------------
INSERT INTO topic_for (database_id, topic_id, sub_topic_id) VALUES (1, 1, NULL);
INSERT INTO topic_for (database_id, topic_id, sub_topic_id) VALUES (2, 2, NULL);
INSERT INTO topic_for (database_id, topic_id, sub_topic_id) VALUES (3, 3, NULL);
INSERT INTO topic_for (database_id, topic_id, sub_topic_id) VALUES (4, 4, NULL);
INSERT INTO topic_for (database_id, topic_id, sub_topic_id) VALUES (5, 5, NULL);
INSERT INTO topic_for (database_id, topic_id, sub_topic_id) VALUES (6, 6, NULL);
INSERT INTO topic_for (database_id, topic_id, sub_topic_id) VALUES (7, 7, NULL);
INSERT INTO topic_for (database_id, topic_id, sub_topic_id) VALUES (8, 8, NULL);
INSERT INTO topic_for (database_id, topic_id, sub_topic_id) VALUES (9, 9, NULL);
INSERT INTO topic_for (database_id, topic_id, sub_topic_id) VALUES (10, 10, NULL);
INSERT INTO topic_for (database_id, topic_id, sub_topic_id) VALUES (11, 11, NULL);
INSERT INTO topic_for (database_id, topic_id, sub_topic_id) VALUES (12, 12, NULL);
INSERT INTO topic_for (database_id, topic_id, sub_topic_id) VALUES (13, 13, NULL);
INSERT INTO topic_for (database_id, topic_id, sub_topic_id) VALUES (14, 14, NULL);
INSERT INTO topic_for (database_id, topic_id, sub_topic_id) VALUES (15, 15, NULL);
INSERT INTO topic_for (database_id, topic_id, sub_topic_id) VALUES (1, 16, NULL);
INSERT INTO topic_for (database_id, topic_id, sub_topic_id) VALUES (2, 17, NULL);
INSERT INTO topic_for (database_id, topic_id, sub_topic_id) VALUES (3, 18, NULL);
INSERT INTO topic_for (database_id, topic_id, sub_topic_id) VALUES (4, 19, NULL);
INSERT INTO topic_for (database_id, topic_id, sub_topic_id) VALUES (5, 20, NULL);
INSERT INTO topic_for (database_id, topic_id, sub_topic_id) VALUES (6, 21, NULL);
INSERT INTO topic_for (database_id, topic_id, sub_topic_id) VALUES (7, 22, NULL);
INSERT INTO topic_for (database_id, topic_id, sub_topic_id) VALUES (8, 23, NULL);
INSERT INTO topic_for (database_id, topic_id, sub_topic_id) VALUES (9, 24, NULL);
INSERT INTO topic_for (database_id, topic_id, sub_topic_id) VALUES (10, 25, NULL);
INSERT INTO topic_for (database_id, topic_id, sub_topic_id) VALUES (11, 26, NULL);
INSERT INTO topic_for (database_id, topic_id, sub_topic_id) VALUES (12, 27, NULL);
INSERT INTO topic_for (database_id, topic_id, sub_topic_id) VALUES (13, 28, NULL);
INSERT INTO topic_for (database_id, topic_id, sub_topic_id) VALUES (14, 29, NULL);
INSERT INTO topic_for (database_id, topic_id, sub_topic_id) VALUES (15, 30, NULL);
INSERT INTO topic_for (database_id, topic_id, sub_topic_id) VALUES (1, NULL, 1);
INSERT INTO topic_for (database_id, topic_id, sub_topic_id) VALUES (2, NULL, 2);
INSERT INTO topic_for (database_id, topic_id, sub_topic_id) VALUES (3, NULL, 3);
INSERT INTO topic_for (database_id, topic_id, sub_topic_id) VALUES (4, NULL, 4);
INSERT INTO topic_for (database_id, topic_id, sub_topic_id) VALUES (5, NULL, 5);
INSERT INTO topic_for (database_id, topic_id, sub_topic_id) VALUES (6, NULL, 6);
INSERT INTO topic_for (database_id, topic_id, sub_topic_id) VALUES (7, NULL, 7);
INSERT INTO topic_for (database_id, topic_id, sub_topic_id) VALUES (8, NULL, 8);
INSERT INTO topic_for (database_id, topic_id, sub_topic_id) VALUES (9, NULL, 9);
INSERT INTO topic_for (database_id, topic_id, sub_topic_id) VALUES (10, NULL, 10);
INSERT INTO topic_for (database_id, topic_id, sub_topic_id) VALUES (11, NULL, 11);
INSERT INTO topic_for (database_id, topic_id, sub_topic_id) VALUES (12, NULL, 12);
INSERT INTO topic_for (database_id, topic_id, sub_topic_id) VALUES (13, NULL, 13);
INSERT INTO topic_for (database_id, topic_id, sub_topic_id) VALUES (14, NULL, 14);
INSERT INTO topic_for (database_id, topic_id, sub_topic_id) VALUES (15, NULL, 15);
INSERT INTO topic_for (database_id, topic_id, sub_topic_id) VALUES (1, NULL, 16);
INSERT INTO topic_for (database_id, topic_id, sub_topic_id) VALUES (2, NULL, 17);
INSERT INTO topic_for (database_id, topic_id, sub_topic_id) VALUES (3, NULL, 18);
INSERT INTO topic_for (database_id, topic_id, sub_topic_id) VALUES (4, NULL, 19);
INSERT INTO topic_for (database_id, topic_id, sub_topic_id) VALUES (5, NULL, 20);
INSERT INTO topic_for (database_id, topic_id, sub_topic_id) VALUES (6, NULL, 21);
INSERT INTO topic_for (database_id, topic_id, sub_topic_id) VALUES (7, NULL, 22);
INSERT INTO topic_for (database_id, topic_id, sub_topic_id) VALUES (8, NULL, 23);
INSERT INTO topic_for (database_id, topic_id, sub_topic_id) VALUES (9, NULL, 24);
INSERT INTO topic_for (database_id, topic_id, sub_topic_id) VALUES (10, NULL, 25);
INSERT INTO topic_for (database_id, topic_id, sub_topic_id) VALUES (11, NULL, 26);
INSERT INTO topic_for (database_id, topic_id, sub_topic_id) VALUES (12, NULL, 27);
INSERT INTO topic_for (database_id, topic_id, sub_topic_id) VALUES (13, NULL, 28);
INSERT INTO topic_for (database_id, topic_id, sub_topic_id) VALUES (14, NULL, 29);
INSERT INTO topic_for (database_id, topic_id, sub_topic_id) VALUES (15, NULL, 30);
INSERT INTO topic_for (database_id, topic_id, sub_topic_id) VALUES (1, NULL, 31);
INSERT INTO topic_for (database_id, topic_id, sub_topic_id) VALUES (2, NULL, 32);
INSERT INTO topic_for (database_id, topic_id, sub_topic_id) VALUES (3, NULL, 33);
INSERT INTO topic_for (database_id, topic_id, sub_topic_id) VALUES (4, NULL, 34);
INSERT INTO topic_for (database_id, topic_id, sub_topic_id) VALUES (5, NULL, 35);
INSERT INTO topic_for (database_id, topic_id, sub_topic_id) VALUES (6, NULL, 36);
INSERT INTO topic_for (database_id, topic_id, sub_topic_id) VALUES (7, NULL, 37);
INSERT INTO topic_for (database_id, topic_id, sub_topic_id) VALUES (8, NULL, 38);
INSERT INTO topic_for (database_id, topic_id, sub_topic_id) VALUES (9, NULL, 39);
INSERT INTO topic_for (database_id, topic_id, sub_topic_id) VALUES (10, NULL, 40);
INSERT INTO topic_for (database_id, topic_id, sub_topic_id) VALUES (11, NULL, 41);
INSERT INTO topic_for (database_id, topic_id, sub_topic_id) VALUES (12, NULL, 42);
INSERT INTO topic_for (database_id, topic_id, sub_topic_id) VALUES (13, NULL, 43);
INSERT INTO topic_for (database_id, topic_id, sub_topic_id) VALUES (14, NULL, 44);
INSERT INTO topic_for (database_id, topic_id, sub_topic_id) VALUES (15, NULL, 45);
INSERT INTO topic_for (database_id, topic_id, sub_topic_id) VALUES (1, NULL, 46);
INSERT INTO topic_for (database_id, topic_id, sub_topic_id) VALUES (2, NULL, 47);
INSERT INTO topic_for (database_id, topic_id, sub_topic_id) VALUES (3, NULL, 48);
INSERT INTO topic_for (database_id, topic_id, sub_topic_id) VALUES (4, NULL, 49);
INSERT INTO topic_for (database_id, topic_id, sub_topic_id) VALUES (5, NULL, 50);
INSERT INTO topic_for (database_id, topic_id, sub_topic_id) VALUES (6, NULL, 51);
INSERT INTO topic_for (database_id, topic_id, sub_topic_id) VALUES (7, NULL, 52);
INSERT INTO topic_for (database_id, topic_id, sub_topic_id) VALUES (8, NULL, 53);
INSERT INTO topic_for (database_id, topic_id, sub_topic_id) VALUES (9, NULL, 54);
INSERT INTO topic_for (database_id, topic_id, sub_topic_id) VALUES (10, NULL, 55);
INSERT INTO topic_for (database_id, topic_id, sub_topic_id) VALUES (11, NULL, 56);
INSERT INTO topic_for (database_id, topic_id, sub_topic_id) VALUES (12, NULL, 57);
INSERT INTO topic_for (database_id, topic_id, sub_topic_id) VALUES (13, NULL, 58);
INSERT INTO topic_for (database_id, topic_id, sub_topic_id) VALUES (14, NULL, 59);
INSERT INTO topic_for (database_id, topic_id, sub_topic_id) VALUES (15, NULL, 60);
INSERT INTO topic_for (database_id, topic_id, sub_topic_id) VALUES (1, NULL, 61);
INSERT INTO topic_for (database_id, topic_id, sub_topic_id) VALUES (2, NULL, 62);
INSERT INTO topic_for (database_id, topic_id, sub_topic_id) VALUES (3, NULL, 63);
INSERT INTO topic_for (database_id, topic_id, sub_topic_id) VALUES (4, NULL, 64);
INSERT INTO topic_for (database_id, topic_id, sub_topic_id) VALUES (5, NULL, 65);
INSERT INTO topic_for (database_id, topic_id, sub_topic_id) VALUES (6, NULL, 66);
INSERT INTO topic_for (database_id, topic_id, sub_topic_id) VALUES (7, NULL, 67);
INSERT INTO topic_for (database_id, topic_id, sub_topic_id) VALUES (8, NULL, 68);
INSERT INTO topic_for (database_id, topic_id, sub_topic_id) VALUES (9, NULL, 69);
INSERT INTO topic_for (database_id, topic_id, sub_topic_id) VALUES (10, NULL, 70);
INSERT INTO topic_for (database_id, topic_id, sub_topic_id) VALUES (11, NULL, 71);
INSERT INTO topic_for (database_id, topic_id, sub_topic_id) VALUES (12, NULL, 72);
INSERT INTO topic_for (database_id, topic_id, sub_topic_id) VALUES (13, NULL, 73);
INSERT INTO topic_for (database_id, topic_id, sub_topic_id) VALUES (14, NULL, 74);
INSERT INTO topic_for (database_id, topic_id, sub_topic_id) VALUES (15, NULL, 75);
INSERT INTO topic_for (database_id, topic_id, sub_topic_id) VALUES (1, NULL, 76);
INSERT INTO topic_for (database_id, topic_id, sub_topic_id) VALUES (2, NULL, 77);
INSERT INTO topic_for (database_id, topic_id, sub_topic_id) VALUES (3, NULL, 78);
INSERT INTO topic_for (database_id, topic_id, sub_topic_id) VALUES (4, NULL, 79);
INSERT INTO topic_for (database_id, topic_id, sub_topic_id) VALUES (5, NULL, 80);
INSERT INTO topic_for (database_id, topic_id, sub_topic_id) VALUES (6, NULL, 81);
INSERT INTO topic_for (database_id, topic_id, sub_topic_id) VALUES (7, NULL, 82);
INSERT INTO topic_for (database_id, topic_id, sub_topic_id) VALUES (8, NULL, 83);
INSERT INTO topic_for (database_id, topic_id, sub_topic_id) VALUES (9, NULL, 84);
INSERT INTO topic_for (database_id, topic_id, sub_topic_id) VALUES (10, NULL, 85);
INSERT INTO topic_for (database_id, topic_id, sub_topic_id) VALUES (11, NULL, 86);
INSERT INTO topic_for (database_id, topic_id, sub_topic_id) VALUES (12, NULL, 87);
INSERT INTO topic_for (database_id, topic_id, sub_topic_id) VALUES (13, NULL, 88);
INSERT INTO topic_for (database_id, topic_id, sub_topic_id) VALUES (14, NULL, 89);
INSERT INTO topic_for (database_id, topic_id, sub_topic_id) VALUES (15, NULL, 90);





-- topics recommended db 1
INSERT INTO topic_recommended_for (database_id, topic_id, sub_topic_id) VALUES (1, 1, NULL);
INSERT INTO topic_recommended_for (database_id, topic_id, sub_topic_id) VALUES (1, 2, NULL);
-- sub topics recommended db 1

INSERT INTO topic_recommended_for (database_id, topic_id, sub_topic_id) VALUES (1, NULL, 1);
INSERT INTO topic_recommended_for (database_id, topic_id, sub_topic_id) VALUES (1, NULL, 2);
INSERT INTO topic_recommended_for (database_id, topic_id, sub_topic_id) VALUES (1, NULL, 3);
INSERT INTO topic_recommended_for (database_id, topic_id, sub_topic_id) VALUES (1, NULL, 4);
INSERT INTO topic_recommended_for (database_id, topic_id, sub_topic_id) VALUES (1, NULL, 5);
INSERT INTO topic_recommended_for (database_id, topic_id, sub_topic_id) VALUES (1, NULL, 6);
INSERT INTO topic_recommended_for (database_id, topic_id, sub_topic_id) VALUES (1, NULL, 7);
INSERT INTO topic_recommended_for (database_id, topic_id, sub_topic_id) VALUES (1, NULL, 8);
INSERT INTO topic_recommended_for (database_id, topic_id, sub_topic_id) VALUES (1, NULL, 9);
INSERT INTO topic_recommended_for (database_id, topic_id, sub_topic_id) VALUES (1, NULL, 10);

-- topics recommended db 2
INSERT INTO topic_recommended_for (database_id, topic_id, sub_topic_id) VALUES (2, 2, NULL);
INSERT INTO topic_recommended_for (database_id, topic_id, sub_topic_id) VALUES (2, 3, NULL);
-- sub topics recommended db 2

INSERT INTO topic_recommended_for (database_id, topic_id, sub_topic_id) VALUES (2, NULL, 1);
INSERT INTO topic_recommended_for (database_id, topic_id, sub_topic_id) VALUES (2, NULL, 2);
INSERT INTO topic_recommended_for (database_id, topic_id, sub_topic_id) VALUES (2, NULL, 3);
INSERT INTO topic_recommended_for (database_id, topic_id, sub_topic_id) VALUES (2, NULL, 4);
INSERT INTO topic_recommended_for (database_id, topic_id, sub_topic_id) VALUES (2, NULL, 5);
INSERT INTO topic_recommended_for (database_id, topic_id, sub_topic_id) VALUES (2, NULL, 6);
INSERT INTO topic_recommended_for (database_id, topic_id, sub_topic_id) VALUES (2, NULL, 7);
INSERT INTO topic_recommended_for (database_id, topic_id, sub_topic_id) VALUES (2, NULL, 8);
INSERT INTO topic_recommended_for (database_id, topic_id, sub_topic_id) VALUES (2, NULL, 9);
INSERT INTO topic_recommended_for (database_id, topic_id, sub_topic_id) VALUES (2, NULL, 10);

-- topics recommended db 3
INSERT INTO topic_recommended_for (database_id, topic_id, sub_topic_id) VALUES (3, 3, NULL);
INSERT INTO topic_recommended_for (database_id, topic_id, sub_topic_id) VALUES (3, 4, NULL);
-- sub topics recommended db 3
INSERT INTO topic_recommended_for (database_id, topic_id, sub_topic_id) VALUES (3, NULL, 1);
INSERT INTO topic_recommended_for (database_id, topic_id, sub_topic_id) VALUES (3, NULL, 2);
INSERT INTO topic_recommended_for (database_id, topic_id, sub_topic_id) VALUES (3, NULL, 3);
INSERT INTO topic_recommended_for (database_id, topic_id, sub_topic_id) VALUES (3, NULL, 4);
INSERT INTO topic_recommended_for (database_id, topic_id, sub_topic_id) VALUES (3, NULL, 5);
INSERT INTO topic_recommended_for (database_id, topic_id, sub_topic_id) VALUES (3, NULL, 6);
INSERT INTO topic_recommended_for (database_id, topic_id, sub_topic_id) VALUES (3, NULL, 7);
INSERT INTO topic_recommended_for (database_id, topic_id, sub_topic_id) VALUES (3, NULL, 8);
INSERT INTO topic_recommended_for (database_id, topic_id, sub_topic_id) VALUES (3, NULL, 9);
INSERT INTO topic_recommended_for (database_id, topic_id, sub_topic_id) VALUES (3, NULL, 10);

-- topics recommended db 4
INSERT INTO topic_recommended_for (database_id, topic_id, sub_topic_id) VALUES (4, 1, NULL);
INSERT INTO topic_recommended_for (database_id, topic_id, sub_topic_id) VALUES (4, 4, NULL);
-- sub topics recommended db 4
INSERT INTO topic_recommended_for (database_id, topic_id, sub_topic_id) VALUES (4, NULL, 1);
INSERT INTO topic_recommended_for (database_id, topic_id, sub_topic_id) VALUES (4, NULL, 2);
INSERT INTO topic_recommended_for (database_id, topic_id, sub_topic_id) VALUES (4, NULL, 3);
INSERT INTO topic_recommended_for (database_id, topic_id, sub_topic_id) VALUES (4, NULL, 4);
INSERT INTO topic_recommended_for (database_id, topic_id, sub_topic_id) VALUES (4, NULL, 5);
INSERT INTO topic_recommended_for (database_id, topic_id, sub_topic_id) VALUES (4, NULL, 6);
INSERT INTO topic_recommended_for (database_id, topic_id, sub_topic_id) VALUES (4, NULL, 7);
INSERT INTO topic_recommended_for (database_id, topic_id, sub_topic_id) VALUES (4, NULL, 8);
INSERT INTO topic_recommended_for (database_id, topic_id, sub_topic_id) VALUES (4, NULL, 9);
INSERT INTO topic_recommended_for (database_id, topic_id, sub_topic_id) VALUES (4, NULL, 10);

-- topics recommended db 5
INSERT INTO topic_recommended_for (database_id, topic_id, sub_topic_id) VALUES (5, 2, NULL);
INSERT INTO topic_recommended_for (database_id, topic_id, sub_topic_id) VALUES (5, 4, NULL);
-- sub topics recommended db 5
INSERT INTO topic_recommended_for (database_id, topic_id, sub_topic_id) VALUES (5, NULL, 1);
INSERT INTO topic_recommended_for (database_id, topic_id, sub_topic_id) VALUES (5, NULL, 2);
INSERT INTO topic_recommended_for (database_id, topic_id, sub_topic_id) VALUES (5, NULL, 3);
INSERT INTO topic_recommended_for (database_id, topic_id, sub_topic_id) VALUES (5, NULL, 4);
INSERT INTO topic_recommended_for (database_id, topic_id, sub_topic_id) VALUES (5, NULL, 5);
INSERT INTO topic_recommended_for (database_id, topic_id, sub_topic_id) VALUES (5, NULL, 6);
INSERT INTO topic_recommended_for (database_id, topic_id, sub_topic_id) VALUES (5, NULL, 7);
INSERT INTO topic_recommended_for (database_id, topic_id, sub_topic_id) VALUES (5, NULL, 8);
INSERT INTO topic_recommended_for (database_id, topic_id, sub_topic_id) VALUES (5, NULL, 9);
INSERT INTO topic_recommended_for (database_id, topic_id, sub_topic_id) VALUES (5, NULL, 10);


-- topics recommended db 6
INSERT INTO topic_recommended_for (database_id, topic_id, sub_topic_id) VALUES (6, 1, NULL);
INSERT INTO topic_recommended_for (database_id, topic_id, sub_topic_id) VALUES (6, 3, NULL);
-- sub topics recommended db 6
INSERT INTO topic_recommended_for (database_id, topic_id, sub_topic_id) VALUES (6, NULL, 1);
INSERT INTO topic_recommended_for (database_id, topic_id, sub_topic_id) VALUES (6, NULL, 2);
INSERT INTO topic_recommended_for (database_id, topic_id, sub_topic_id) VALUES (6, NULL, 3);
INSERT INTO topic_recommended_for (database_id, topic_id, sub_topic_id) VALUES (6, NULL, 4);
INSERT INTO topic_recommended_for (database_id, topic_id, sub_topic_id) VALUES (6, NULL, 5);
INSERT INTO topic_recommended_for (database_id, topic_id, sub_topic_id) VALUES (6, NULL, 6);
INSERT INTO topic_recommended_for (database_id, topic_id, sub_topic_id) VALUES (6, NULL, 7);
INSERT INTO topic_recommended_for (database_id, topic_id, sub_topic_id) VALUES (6, NULL, 8);
INSERT INTO topic_recommended_for (database_id, topic_id, sub_topic_id) VALUES (6, NULL, 9);
INSERT INTO topic_recommended_for (database_id, topic_id, sub_topic_id) VALUES (6, NULL, 10);

-- alternative_titles
INSERT INTO alternative_titles (id, title) VALUES (1, 'alt title 1');
INSERT INTO alternative_titles (id, title) VALUES (3, 'alt title 3');
INSERT INTO alternative_titles (id, title) VALUES (4, 'alt title 4');
INSERT INTO alternative_titles (id, title) VALUES (5, 'alt title 5');
INSERT INTO alternative_titles (id, title) VALUES (6, 'alt title 6');
INSERT INTO alternative_titles (id, title) VALUES (7, 'alt title 7');
INSERT INTO alternative_titles (id, title) VALUES (8, 'alt title 8');

INSERT INTO alternative_title_for (database_id, alternative_title_id) VALUES (1, 1);
INSERT INTO alternative_title_for (database_id, alternative_title_id) VALUES (2, 2);
INSERT INTO alternative_title_for (database_id, alternative_title_id) VALUES (2, 3);
INSERT INTO alternative_title_for (database_id, alternative_title_id) VALUES (1, 4);

-- Publishers

INSERT INTO publishers (id, title_en, title_sv) VALUES (1, 'Romanjevi publishing (en)', 'Romanjevi publishing (sv)');
INSERT INTO publishers (id, title_en, title_sv) VALUES (2, 'ABC publishing (en)', 'ABC publishing (sv)');
INSERT INTO publishers (id, title_en, title_sv) VALUES (3, 'Skumrask publishing (en)', 'Skumrask publishing (sv)');

-- db and publisher relation

INSERT INTO publisher_for (database_id, publisher_id) VALUES (1,1);
INSERT INTO publisher_for (database_id, publisher_id) VALUES (1,2);
INSERT INTO publisher_for (database_id, publisher_id) VALUES (2,3);
INSERT INTO publisher_for (database_id, publisher_id) VALUES (3,3);

INSERT INTO urls (id, title, url) VALUES (1, 'link title 1', 'www.google.com');
INSERT INTO urls (id, title, url) VALUES (2, 'link title 2', 'www.google.com');
INSERT INTO urls (id, title, url) VALUES (3, 'link title 3', 'www.google.com');
INSERT INTO urls (id, title, url) VALUES (4, 'link title 4', 'www.google.com');
INSERT INTO urls (id, title, url) VALUES (5, 'link title 5', 'www.google.com');

INSERT INTO url_for (database_id, url_id) VALUES (1, 1);
INSERT INTO url_for (database_id, url_id) VALUES (1, 2);
INSERT INTO url_for (database_id, url_id) VALUES (2, 3);
INSERT INTO url_for (database_id, url_id) VALUES (3, 4);

INSERT INTO terms_of_use (id, code) VALUES (1, 'print_article_chapter');
INSERT INTO terms_of_use (id, code) VALUES (2, 'download_article_chapter');
INSERT INTO terms_of_use (id, code) VALUES (3, 'course_pack_print');
INSERT INTO terms_of_use (id, code) VALUES (4, 'gul_course_pack_electronic');
INSERT INTO terms_of_use (id, code) VALUES (5, 'scholarly_sharing');
INSERT INTO terms_of_use (id, code) VALUES (6, 'interlibrary_loan');

INSERT INTO terms_of_use_for (id, database_id, terms_of_use_id, description_sv, description_en, permitted) VALUES (1, 1, 1, 'terms of use description 1 (sv)', 'terms of use description 1 (en)', FALSE);
INSERT INTO terms_of_use_for (id, database_id, terms_of_use_id, description_sv, description_en, permitted) VALUES (2, 2, 1, 'terms of use description 2 (sv)', 'terms of use description 2 (en)', TRUE);
INSERT INTO terms_of_use_for (id, database_id, terms_of_use_id, description_sv, description_en, permitted) VALUES (3, 3, 1, 'terms of use description 3 (sv)', 'terms of use description 3 (en)', FALSE);
INSERT INTO terms_of_use_for (id, database_id, terms_of_use_id, description_sv, description_en, permitted) VALUES (4, 1, 2, 'terms of use description 4 (sv)', 'terms of use description 4 (en)', TRUE);
INSERT INTO terms_of_use_for (id, database_id, terms_of_use_id, description_sv, description_en, permitted) VALUES (5, 2, 3, 'terms of use description 4 (sv)', 'terms of use description 4 (en)', TRUE);
INSERT INTO terms_of_use_for (id, database_id, terms_of_use_id, description_sv, description_en, permitted) VALUES (6, 2, 4, 'terms of use description 4 (sv)', 'terms of use description 4 (en)', TRUE);
INSERT INTO terms_of_use_for (id, database_id, terms_of_use_id, description_sv, description_en, permitted) VALUES (7, 3, 5, 'terms of use description 4 (sv)', 'terms of use description 4 (en)', TRUE);
INSERT INTO terms_of_use_for (id, database_id, terms_of_use_id, description_sv, description_en, permitted) VALUES (8, 3, 6, 'terms of use description 4 (sv)', 'terms of use description 4 (en)', TRUE);


INSERT INTO media_types (id, name_en, name_sv) VALUES (1, 'media type 1 (en)', 'media type 1 (sv)');
INSERT INTO media_types (id, name_en, name_sv) VALUES (2, 'media type 2 (en)', 'media type 2 (sv)');
INSERT INTO media_types (id, name_en, name_sv) VALUES (3, 'media type 3 (en)', 'media type 3 (sv)');
INSERT INTO media_types (id, name_en, name_sv) VALUES (4, 'media type 4 (en)', 'media type 4 (sv)');
INSERT INTO media_types (id, name_en, name_sv) VALUES (5, 'media type 5 (en)', 'media type 5 (sv)');
INSERT INTO media_types (id, name_en, name_sv) VALUES (6, 'media type 6 (en)', 'media type 6 (sv)');

INSERT INTO media_type_for (database_id, media_type_id) VALUES (1,1);
INSERT INTO media_type_for (database_id, media_type_id) VALUES (1,2);
INSERT INTO media_type_for (database_id, media_type_id) VALUES (2,2);
INSERT INTO media_type_for (database_id, media_type_id) VALUES (3,3);
INSERT INTO media_type_for (database_id, media_type_id) VALUES (3,4);

