-- DATABASES ---------------------------------------------------------------
INSERT INTO databases (id, title_en, title_sv, description_en, description_sv, is_popular, malfunction_message, malfunction_message_active, public_access, access_information_code) VALUES(1, 'Tightly shout (en) 1', 'Tightly shout (sv) 1', 'Fugiat aliqua consectetur. Nostrud cillum. (en)', 'Fugiat aliqua consectetur. Nostrud cillum. (sv)', TRUE, 'down for maintenance', FALSE, TRUE, 'This database is not free');
INSERT INTO databases (id, title_en, title_sv, description_en, description_sv, is_popular, malfunction_message, malfunction_message_active, public_access, access_information_code) VALUES(2, 'Chicken close (en) 2', 'Chicken close (sv) 2', 'Voluptate aliqua cillum. Laborum occaecat quis. (en)', 'Voluptate aliqua cillum. Laborum occaecat quis. (sv)', TRUE, 'down for maintenance', FALSE, TRUE, 'This database is not free');
INSERT INTO databases (id, title_en, title_sv, description_en, description_sv, is_popular, malfunction_message, malfunction_message_active, public_access, access_information_code) VALUES(3, 'Measure improve (en) 3', 'Measure improve (sv) 3', 'Est aute. Amet et. (en)', 'Est aute. Amet et. (sv)', TRUE, 'down for maintenance', FALSE, TRUE, 'This database is not free');
INSERT INTO databases (id, title_en, title_sv, description_en, description_sv, is_popular, malfunction_message, malfunction_message_active, public_access, access_information_code) VALUES(4, 'Produce voice (en) 4', 'Produce voice (sv) 4', 'Officia non. Quis est irure. (en)', 'Officia non. Quis est irure. (sv)', TRUE, 'down for maintenance', FALSE, TRUE, 'This database is not free');
INSERT INTO databases (id, title_en, title_sv, description_en, description_sv, is_popular, malfunction_message, malfunction_message_active, public_access, access_information_code) VALUES(5, 'Needle safety (en) 5', 'Needle safety (sv) 5', 'Pariatur eiusmod. Commodo ad. (en)', 'Pariatur eiusmod. Commodo ad. (sv)', TRUE, 'down for maintenance', FALSE, TRUE, 'This database is not free');
INSERT INTO databases (id, title_en, title_sv, description_en, description_sv, is_popular, malfunction_message, malfunction_message_active, public_access, access_information_code) VALUES(6, 'Quarter basis (en) 6', 'Quarter basis (sv) 6', 'Non eu. Fugiat minim. (en)', 'Non eu. Fugiat minim. (sv)', FALSE, 'down for maintenance', FALSE, TRUE, 'This database is not free');
INSERT INTO databases (id, title_en, title_sv, description_en, description_sv, is_popular, malfunction_message, malfunction_message_active, public_access, access_information_code) VALUES(7, 'Deal frighten (en) 7', 'Deal frighten (sv) 7', 'Minim anim minim. Est exercitation anim. (en)', 'Minim anim minim. Est exercitation anim. (sv)', FALSE, 'down for maintenance', FALSE, FALSE, 'This database is not free');
INSERT INTO databases (id, title_en, title_sv, description_en, description_sv, is_popular, malfunction_message, malfunction_message_active, public_access, access_information_code) VALUES(8, 'Knew met (en) 8', 'Knew met (sv) 8', 'Sit culpa. Proident reprehenderit. (en)', 'Sit culpa. Proident reprehenderit. (sv)', FALSE, 'down for maintenance', FALSE, FALSE, 'This database is not free');
INSERT INTO databases (id, title_en, title_sv, description_en, description_sv, is_popular, malfunction_message, malfunction_message_active, public_access, access_information_code) VALUES(9, 'Either understanding (en) 9', 'Either understanding (sv) 9', 'Mollit id do. Incididunt sunt. (en)', 'Mollit id do. Incididunt sunt. (sv)', FALSE, 'down for maintenance', FALSE, FALSE, 'This database is not free');
INSERT INTO databases (id, title_en, title_sv, description_en, description_sv, is_popular, malfunction_message, malfunction_message_active, public_access, access_information_code) VALUES(10, 'Help love (en) 10', 'Help love (sv) 10', 'Labore ipsum. Eu anim. (en)', 'Labore ipsum. Eu anim. (sv)', FALSE, 'down for maintenance', FALSE, FALSE, 'This database is not free');
INSERT INTO databases (id, title_en, title_sv, description_en, description_sv, is_popular, malfunction_message, malfunction_message_active, public_access, access_information_code) VALUES(11, 'Extra broke (en) 11', 'Extra broke (sv) 11', 'Eiusmod aliquip magna. Laborum exercitation est. (en)', 'Eiusmod aliquip magna. Laborum exercitation est. (sv)', FALSE, 'down for maintenance', FALSE, FALSE, 'This database is not free');
INSERT INTO databases (id, title_en, title_sv, description_en, description_sv, is_popular, malfunction_message, malfunction_message_active, public_access, access_information_code) VALUES(12, 'Pattern surface (en) 12', 'Pattern surface (sv) 12', 'Aliquip dolore. Ullamco eiusmod cupidatat. (en)', 'Aliquip dolore. Ullamco eiusmod cupidatat. (sv)', FALSE, 'down for maintenance', FALSE, FALSE, 'This database is not free');
INSERT INTO databases (id, title_en, title_sv, description_en, description_sv, is_popular, malfunction_message, malfunction_message_active, public_access, access_information_code) VALUES(13, 'Hello apartment (en) 13', 'Hello apartment (sv) 13', 'Occaecat ullamco commodo. Ullamco est eu. (en)', 'Occaecat ullamco commodo. Ullamco est eu. (sv)', FALSE, 'down for maintenance', FALSE, FALSE, 'This database is not free');
INSERT INTO databases (id, title_en, title_sv, description_en, description_sv, is_popular, malfunction_message, malfunction_message_active, public_access, access_information_code) VALUES(14, 'Level way (en) 14', 'Level way (sv) 14', 'In qui. Exercitation enim aliquip. (en)', 'In qui. Exercitation enim aliquip. (sv)', FALSE, 'down for maintenance', FALSE, FALSE, 'This database is not free');
INSERT INTO databases (id, title_en, title_sv, description_en, description_sv, is_popular, malfunction_message, malfunction_message_active, public_access, access_information_code) VALUES(15, 'Hunter amount (en) 15', 'Hunter amount (sv) 15', 'Laborum veniam. Ea nisi nostrud. (en)', 'Laborum veniam. Ea nisi nostrud. (sv)', FALSE, 'down for maintenance', FALSE, FALSE, 'This database is not free');
INSERT INTO databases (id, title_en, title_sv, description_en, description_sv, is_popular, malfunction_message, malfunction_message_active, public_access, access_information_code) VALUES(16, 'My told (en) 16', 'My told (sv) 16', 'Eu magna magna. Culpa amet et. (en)', 'Eu magna magna. Culpa amet et. (sv)', FALSE, 'down for maintenance', FALSE, FALSE, 'This database is not free');
INSERT INTO databases (id, title_en, title_sv, description_en, description_sv, is_popular, malfunction_message, malfunction_message_active, public_access, access_information_code) VALUES(17, 'Mountain spirit (en) 17', 'Mountain spirit (sv) 17', 'Nisi aliquip nisi. Magna fugiat. (en)', 'Nisi aliquip nisi. Magna fugiat. (sv)', FALSE, 'down for maintenance', FALSE, FALSE, 'This database is not free');
INSERT INTO databases (id, title_en, title_sv, description_en, description_sv, is_popular, malfunction_message, malfunction_message_active, public_access, access_information_code) VALUES(18, 'Happy ride (en) 18', 'Happy ride (sv) 18', 'Fugiat deserunt sit. Occaecat fugiat. (en)', 'Fugiat deserunt sit. Occaecat fugiat. (sv)', FALSE, 'down for maintenance', FALSE, FALSE, 'This database is not free');
INSERT INTO databases (id, title_en, title_sv, description_en, description_sv, is_popular, malfunction_message, malfunction_message_active, public_access, access_information_code) VALUES(19, 'Signal park (en) 19', 'Signal park (sv) 19', 'Nisi proident consequat. Lorem sit ad. (en)', 'Nisi proident consequat. Lorem sit ad. (sv)', FALSE, 'down for maintenance', FALSE, FALSE, 'This database is not free');
INSERT INTO databases (id, title_en, title_sv, description_en, description_sv, is_popular, malfunction_message, malfunction_message_active, public_access, access_information_code) VALUES(20, 'Engine run (en) 20', 'Engine run (sv) 20', 'Mollit ipsum. Exercitation aute. (en)', 'Mollit ipsum. Exercitation aute. (sv)', FALSE, 'down for maintenance', FALSE, FALSE, 'This database is not free');
INSERT INTO databases (id, title_en, title_sv, description_en, description_sv, is_popular, malfunction_message, malfunction_message_active, public_access, access_information_code) VALUES(21, 'Automobile breeze (en) 21', 'Automobile breeze (sv) 21', 'Proident laborum. Et duis. (en)', 'Proident laborum. Et duis. (sv)', FALSE, 'down for maintenance', FALSE, FALSE, 'This database is not free');
INSERT INTO databases (id, title_en, title_sv, description_en, description_sv, is_popular, malfunction_message, malfunction_message_active, public_access, access_information_code) VALUES(22, 'Will carry (en) 22', 'Will carry (sv) 22', 'Cillum dolor. Officia ut. (en)', 'Cillum dolor. Officia ut. (sv)', FALSE, 'down for maintenance', FALSE, FALSE, 'This database is not free');
INSERT INTO databases (id, title_en, title_sv, description_en, description_sv, is_popular, malfunction_message, malfunction_message_active, public_access, access_information_code) VALUES(23, 'Shaking right (en) 23', 'Shaking right (sv) 23', 'Duis ad incididunt. In anim duis. (en)', 'Duis ad incididunt. In anim duis. (sv)', FALSE, 'down for maintenance', FALSE, FALSE, 'This database is not free');
INSERT INTO databases (id, title_en, title_sv, description_en, description_sv, is_popular, malfunction_message, malfunction_message_active, public_access, access_information_code) VALUES(24, 'Religious worth (en) 24', 'Religious worth (sv) 24', 'Pariatur id ut. Consectetur minim. (en)', 'Pariatur id ut. Consectetur minim. (sv)', FALSE, 'down for maintenance', FALSE, FALSE, 'This database is not free');
INSERT INTO databases (id, title_en, title_sv, description_en, description_sv, is_popular, malfunction_message, malfunction_message_active, public_access, access_information_code) VALUES(25, 'Slow play (en) 25', 'Slow play (sv) 25', 'Duis sint. In aliqua do. (en)', 'Duis sint. In aliqua do. (sv)', FALSE, 'down for maintenance', FALSE, FALSE, 'This database is not free');
INSERT INTO databases (id, title_en, title_sv, description_en, description_sv, is_popular, malfunction_message, malfunction_message_active, public_access, access_information_code) VALUES(26, 'Give can (en) 26', 'Give can (sv) 26', 'Voluptate eu Lorem. Consectetur excepteur. (en)', 'Voluptate eu Lorem. Consectetur excepteur. (sv)', FALSE, 'down for maintenance', FALSE, FALSE, 'This database is not free');
INSERT INTO databases (id, title_en, title_sv, description_en, description_sv, is_popular, malfunction_message, malfunction_message_active, public_access, access_information_code) VALUES(27, 'Longer taught (en) 27', 'Longer taught (sv) 27', 'Voluptate exercitation. Lorem duis amet. (en)', 'Voluptate exercitation. Lorem duis amet. (sv)', FALSE, 'down for maintenance', FALSE, FALSE, 'This database is not free');
INSERT INTO databases (id, title_en, title_sv, description_en, description_sv, is_popular, malfunction_message, malfunction_message_active, public_access, access_information_code) VALUES(28, 'Flight growth (en) 28', 'Flight growth (sv) 28', 'Dolore mollit qui. Voluptate elit. (en)', 'Dolore mollit qui. Voluptate elit. (sv)', FALSE, 'down for maintenance', FALSE, FALSE, 'This database is not free');
INSERT INTO databases (id, title_en, title_sv, description_en, description_sv, is_popular, malfunction_message, malfunction_message_active, public_access, access_information_code) VALUES(29, 'Snow careful (en) 29', 'Snow careful (sv) 29', 'Sit enim. Fugiat anim. (en)', 'Sit enim. Fugiat anim. (sv)', FALSE, 'down for maintenance', FALSE, FALSE, 'This database is not free');
INSERT INTO databases (id, title_en, title_sv, description_en, description_sv, is_popular, malfunction_message, malfunction_message_active, public_access, access_information_code) VALUES(30, 'Club fifteen (en) 30', 'Club fifteen (sv) 30', 'Elit nulla enim. Officia consequat eiusmod. (en)', 'Elit nulla enim. Officia consequat eiusmod. (sv)', FALSE, 'down for maintenance', FALSE, FALSE, 'This database is not free');
INSERT INTO databases (id, title_en, title_sv, description_en, description_sv, is_popular, malfunction_message, malfunction_message_active, public_access, access_information_code) VALUES(31, 'Muscle combine (en) 31', 'Muscle combine (sv) 31', 'Ipsum nisi deserunt. In et deserunt. (en)', 'Ipsum nisi deserunt. In et deserunt. (sv)', FALSE, 'down for maintenance', FALSE, FALSE, 'This database is not free');
INSERT INTO databases (id, title_en, title_sv, description_en, description_sv, is_popular, malfunction_message, malfunction_message_active, public_access, access_information_code) VALUES(32, 'Forgotten grew (en) 32', 'Forgotten grew (sv) 32', 'Et in magna. Esse ex. (en)', 'Et in magna. Esse ex. (sv)', FALSE, 'down for maintenance', FALSE, FALSE, 'This database is not free');
INSERT INTO databases (id, title_en, title_sv, description_en, description_sv, is_popular, malfunction_message, malfunction_message_active, public_access, access_information_code) VALUES(33, 'Observe attempt (en) 33', 'Observe attempt (sv) 33', 'Officia sint laboris. Elit ad. (en)', 'Officia sint laboris. Elit ad. (sv)', FALSE, 'down for maintenance', FALSE, FALSE, 'This database is not free');
INSERT INTO databases (id, title_en, title_sv, description_en, description_sv, is_popular, malfunction_message, malfunction_message_active, public_access, access_information_code) VALUES(34, 'Let passage (en) 34', 'Let passage (sv) 34', 'Tempor exercitation ea. Qui eu. (en)', 'Tempor exercitation ea. Qui eu. (sv)', FALSE, 'down for maintenance', FALSE, FALSE, 'This database is not free');
INSERT INTO databases (id, title_en, title_sv, description_en, description_sv, is_popular, malfunction_message, malfunction_message_active, public_access, access_information_code) VALUES(35, 'Yes relationship (en) 35', 'Yes relationship (sv) 35', 'Esse officia ad. Veniam deserunt aliquip. (en)', 'Esse officia ad. Veniam deserunt aliquip. (sv)', FALSE, 'down for maintenance', FALSE, FALSE, 'This database is not free');
INSERT INTO databases (id, title_en, title_sv, description_en, description_sv, is_popular, malfunction_message, malfunction_message_active, public_access, access_information_code) VALUES(36, 'Tie bean (en) 36', 'Tie bean (sv) 36', 'Voluptate ad. Pariatur magna officia. (en)', 'Voluptate ad. Pariatur magna officia. (sv)', FALSE, 'down for maintenance', FALSE, FALSE, 'This database is not free');
INSERT INTO databases (id, title_en, title_sv, description_en, description_sv, is_popular, malfunction_message, malfunction_message_active, public_access, access_information_code) VALUES(37, 'Kitchen hold (en) 37', 'Kitchen hold (sv) 37', 'Deserunt consectetur commodo. Ea tempor. (en)', 'Deserunt consectetur commodo. Ea tempor. (sv)', FALSE, 'down for maintenance', FALSE, FALSE, 'This database is not free');
INSERT INTO databases (id, title_en, title_sv, description_en, description_sv, is_popular, malfunction_message, malfunction_message_active, public_access, access_information_code) VALUES(38, 'Call feed (en) 38', 'Call feed (sv) 38', 'Ea veniam exercitation. Cupidatat labore esse. (en)', 'Ea veniam exercitation. Cupidatat labore esse. (sv)', FALSE, 'down for maintenance', FALSE, FALSE, 'This database is not free');
INSERT INTO databases (id, title_en, title_sv, description_en, description_sv, is_popular, malfunction_message, malfunction_message_active, public_access, access_information_code) VALUES(39, 'Trouble middle (en) 39', 'Trouble middle (sv) 39', 'Proident proident Lorem. Culpa adipisicing. (en)', 'Proident proident Lorem. Culpa adipisicing. (sv)', FALSE, 'down for maintenance', FALSE, FALSE, 'This database is not free');
INSERT INTO databases (id, title_en, title_sv, description_en, description_sv, is_popular, malfunction_message, malfunction_message_active, public_access, access_information_code) VALUES(40, 'Hunt child (en) 40', 'Hunt child (sv) 40', 'Nostrud magna pariatur. Dolor sit. (en)', 'Nostrud magna pariatur. Dolor sit. (sv)', FALSE, 'down for maintenance', FALSE, FALSE, 'This database is not free');
INSERT INTO databases (id, title_en, title_sv, description_en, description_sv, is_popular, malfunction_message, malfunction_message_active, public_access, access_information_code) VALUES(41, 'Tropical headed (en) 41', 'Tropical headed (sv) 41', 'Consequat excepteur. Adipisicing ut. (en)', 'Consequat excepteur. Adipisicing ut. (sv)', FALSE, 'down for maintenance', FALSE, FALSE, 'This database is not free');
INSERT INTO databases (id, title_en, title_sv, description_en, description_sv, is_popular, malfunction_message, malfunction_message_active, public_access, access_information_code) VALUES(42, 'Driving memory (en) 42', 'Driving memory (sv) 42', 'Proident magna est. Proident ut et. (en)', 'Proident magna est. Proident ut et. (sv)', FALSE, 'down for maintenance', FALSE, FALSE, 'This database is not free');
INSERT INTO databases (id, title_en, title_sv, description_en, description_sv, is_popular, malfunction_message, malfunction_message_active, public_access, access_information_code) VALUES(43, 'Cause prize (en) 43', 'Cause prize (sv) 43', 'Aliquip aute ullamco. Quis ipsum. (en)', 'Aliquip aute ullamco. Quis ipsum. (sv)', FALSE, 'down for maintenance', FALSE, FALSE, 'This database is not free');
INSERT INTO databases (id, title_en, title_sv, description_en, description_sv, is_popular, malfunction_message, malfunction_message_active, public_access, access_information_code) VALUES(44, 'Alive birthday (en) 44', 'Alive birthday (sv) 44', 'Cupidatat reprehenderit. Eu occaecat nisi. (en)', 'Cupidatat reprehenderit. Eu occaecat nisi. (sv)', FALSE, 'down for maintenance', FALSE, FALSE, 'This database is not free');
INSERT INTO databases (id, title_en, title_sv, description_en, description_sv, is_popular, malfunction_message, malfunction_message_active, public_access, access_information_code) VALUES(45, 'Exact color (en) 45', 'Exact color (sv) 45', 'In ut. Ipsum aliquip. (en)', 'In ut. Ipsum aliquip. (sv)', FALSE, 'down for maintenance', FALSE, FALSE, 'This database is not free');
INSERT INTO databases (id, title_en, title_sv, description_en, description_sv, is_popular, malfunction_message, malfunction_message_active, public_access, access_information_code) VALUES(46, 'Spread movement (en) 46', 'Spread movement (sv) 46', 'Tempor veniam ex. Cillum et. (en)', 'Tempor veniam ex. Cillum et. (sv)', FALSE, 'down for maintenance', FALSE, FALSE, 'This database is not free');
INSERT INTO databases (id, title_en, title_sv, description_en, description_sv, is_popular, malfunction_message, malfunction_message_active, public_access, access_information_code) VALUES(47, 'Save swung (en) 47', 'Save swung (sv) 47', 'Ad consequat. Cillum officia. (en)', 'Ad consequat. Cillum officia. (sv)', FALSE, 'down for maintenance', FALSE, FALSE, 'This database is not free');
INSERT INTO databases (id, title_en, title_sv, description_en, description_sv, is_popular, malfunction_message, malfunction_message_active, public_access, access_information_code) VALUES(48, 'Tropical to (en) 48', 'Tropical to (sv) 48', 'Anim ea do. Incididunt ad. (en)', 'Anim ea do. Incididunt ad. (sv)', FALSE, 'down for maintenance', FALSE, FALSE, 'This database is not free');
INSERT INTO databases (id, title_en, title_sv, description_en, description_sv, is_popular, malfunction_message, malfunction_message_active, public_access, access_information_code) VALUES(49, 'Support brush (en) 49', 'Support brush (sv) 49', 'Tempor labore. Minim ex. (en)', 'Tempor labore. Minim ex. (sv)', FALSE, 'down for maintenance', FALSE, FALSE, 'This database is not free');
INSERT INTO databases (id, title_en, title_sv, description_en, description_sv, is_popular, malfunction_message, malfunction_message_active, public_access, access_information_code) VALUES(50, 'Field return (en) 50', 'Field return (sv) 50', 'Labore et. Mollit qui anim. (en)', 'Labore et. Mollit qui anim. (sv)', FALSE, 'down for maintenance', FALSE, FALSE, 'This database is not free');
INSERT INTO databases (id, title_en, title_sv, description_en, description_sv, is_popular, malfunction_message, malfunction_message_active, public_access, access_information_code) VALUES(51, 'Rhythm corn (en) 51', 'Rhythm corn (sv) 51', 'Reprehenderit nulla. Minim ea. (en)', 'Reprehenderit nulla. Minim ea. (sv)', FALSE, 'down for maintenance', FALSE, FALSE, 'This database is not free');
INSERT INTO databases (id, title_en, title_sv, description_en, description_sv, is_popular, malfunction_message, malfunction_message_active, public_access, access_information_code) VALUES(52, 'Organized later (en) 52', 'Organized later (sv) 52', 'Enim enim culpa. Tempor fugiat. (en)', 'Enim enim culpa. Tempor fugiat. (sv)', FALSE, 'down for maintenance', FALSE, FALSE, 'This database is not free');
INSERT INTO databases (id, title_en, title_sv, description_en, description_sv, is_popular, malfunction_message, malfunction_message_active, public_access, access_information_code) VALUES(53, 'Discovery voyage (en) 53', 'Discovery voyage (sv) 53', 'Ipsum pariatur. Eu ut. (en)', 'Ipsum pariatur. Eu ut. (sv)', FALSE, 'down for maintenance', FALSE, FALSE, 'This database is not free');
INSERT INTO databases (id, title_en, title_sv, description_en, description_sv, is_popular, malfunction_message, malfunction_message_active, public_access, access_information_code) VALUES(54, 'Observe empty (en) 54', 'Observe empty (sv) 54', 'Exercitation nostrud. Qui eu sint. (en)', 'Exercitation nostrud. Qui eu sint. (sv)', FALSE, 'down for maintenance', FALSE, FALSE, 'This database is not free');
INSERT INTO databases (id, title_en, title_sv, description_en, description_sv, is_popular, malfunction_message, malfunction_message_active, public_access, access_information_code) VALUES(55, 'Right whom (en) 55', 'Right whom (sv) 55', 'In et nulla. Reprehenderit labore. (en)', 'In et nulla. Reprehenderit labore. (sv)', FALSE, 'down for maintenance', FALSE, FALSE, 'This database is not free');
INSERT INTO databases (id, title_en, title_sv, description_en, description_sv, is_popular, malfunction_message, malfunction_message_active, public_access, access_information_code) VALUES(56, 'Problem spread (en) 56', 'Problem spread (sv) 56', 'Duis aliqua consequat. Eu aute tempor. (en)', 'Duis aliqua consequat. Eu aute tempor. (sv)', FALSE, 'down for maintenance', FALSE, FALSE, 'This database is not free');
INSERT INTO databases (id, title_en, title_sv, description_en, description_sv, is_popular, malfunction_message, malfunction_message_active, public_access, access_information_code) VALUES(57, 'Paper hurt (en) 57', 'Paper hurt (sv) 57', 'Ex et. Culpa magna excepteur. (en)', 'Ex et. Culpa magna excepteur. (sv)', FALSE, 'down for maintenance', FALSE, FALSE, 'This database is not free');
INSERT INTO databases (id, title_en, title_sv, description_en, description_sv, is_popular, malfunction_message, malfunction_message_active, public_access, access_information_code) VALUES(58, 'Taught social (en) 58', 'Taught social (sv) 58', 'Officia cupidatat. Incididunt est commodo. (en)', 'Officia cupidatat. Incididunt est commodo. (sv)', FALSE, 'down for maintenance', FALSE, FALSE, 'This database is not free');
INSERT INTO databases (id, title_en, title_sv, description_en, description_sv, is_popular, malfunction_message, malfunction_message_active, public_access, access_information_code) VALUES(59, 'Travel ill (en) 59', 'Travel ill (sv) 59', 'Ipsum commodo. Cillum ea ut. (en)', 'Ipsum commodo. Cillum ea ut. (sv)', FALSE, 'down for maintenance', FALSE, FALSE, 'This database is not free');
INSERT INTO databases (id, title_en, title_sv, description_en, description_sv, is_popular, malfunction_message, malfunction_message_active, public_access, access_information_code) VALUES(60, 'Social newspaper (en) 60', 'Social newspaper (sv) 60', 'Est aliqua. Sit anim. (en)', 'Est aliqua. Sit anim. (sv)', FALSE, 'down for maintenance', FALSE, FALSE, 'This database is not free');



-- TOPICS ---------------------------------------------------------------
INSERT INTO topics (id, name_en, name_sv) VALUES (1, 'Letter couple (en)', 'Letter couple (sv)');
INSERT INTO topics (id, name_en, name_sv) VALUES (2, 'Purple explore (en)', 'Purple explore (sv)');
INSERT INTO topics (id, name_en, name_sv) VALUES (3, 'Frame coffee (en)', 'Frame coffee (sv)');
INSERT INTO topics (id, name_en, name_sv) VALUES (4, 'Mark volume (en)', 'Mark volume (sv)');
INSERT INTO topics (id, name_en, name_sv) VALUES (5, 'Ate question (en)', 'Ate question (sv)');
INSERT INTO topics (id, name_en, name_sv) VALUES (6, 'Club vowel (en)', 'Club vowel (sv)');
INSERT INTO topics (id, name_en, name_sv) VALUES (7, 'Unusual pen (en)', 'Unusual pen (sv)');
INSERT INTO topics (id, name_en, name_sv) VALUES (8, 'Cool foot (en)', 'Cool foot (sv)');
INSERT INTO topics (id, name_en, name_sv) VALUES (9, 'Smoke say (en)', 'Smoke say (sv)');
INSERT INTO topics (id, name_en, name_sv) VALUES (10, 'Route after (en)', 'Route after (sv)');
INSERT INTO topics (id, name_en, name_sv) VALUES (11, 'Give goes (en)', 'Give goes (sv)');
INSERT INTO topics (id, name_en, name_sv) VALUES (12, 'Clock anybody (en)', 'Clock anybody (sv)');
INSERT INTO topics (id, name_en, name_sv) VALUES (13, 'Truck amount (en)', 'Truck amount (sv)');
INSERT INTO topics (id, name_en, name_sv) VALUES (14, 'Frequently more (en)', 'Frequently more (sv)');
INSERT INTO topics (id, name_en, name_sv) VALUES (15, 'Chief sheet (en)', 'Chief sheet (sv)');



-- SUB TOPICS -----------------------------------------------------------
INSERT INTO sub_topics (id, name_en, name_sv, topic_id) VALUES (1, 'Butter tell (en)', 'Butter tell (sv)', 1);
INSERT INTO sub_topics (id, name_en, name_sv, topic_id) VALUES (2, 'Happen hide (en)', 'Happen hide (sv)', 1);
INSERT INTO sub_topics (id, name_en, name_sv, topic_id) VALUES (3, 'Shown motor (en)', 'Shown motor (sv)', 2);
INSERT INTO sub_topics (id, name_en, name_sv, topic_id) VALUES (4, 'Practice seen (en)', 'Practice seen (sv)', 2);
INSERT INTO sub_topics (id, name_en, name_sv, topic_id) VALUES (5, 'Series public (en)', 'Series public (sv)', 3);
INSERT INTO sub_topics (id, name_en, name_sv, topic_id) VALUES (6, 'Drive carry (en)', 'Drive carry (sv)', 3);
INSERT INTO sub_topics (id, name_en, name_sv, topic_id) VALUES (7, 'Atom seldom (en)', 'Atom seldom (sv)', 4);
INSERT INTO sub_topics (id, name_en, name_sv, topic_id) VALUES (8, 'Shirt jet (en)', 'Shirt jet (sv)', 4);
INSERT INTO sub_topics (id, name_en, name_sv, topic_id) VALUES (9, 'Beginning meat (en)', 'Beginning meat (sv)', 5);
INSERT INTO sub_topics (id, name_en, name_sv, topic_id) VALUES (10, 'Element feet (en)', 'Element feet (sv)', 5);
INSERT INTO sub_topics (id, name_en, name_sv, topic_id) VALUES (11, 'Forth bowl (en)', 'Forth bowl (sv)', 6);
INSERT INTO sub_topics (id, name_en, name_sv, topic_id) VALUES (12, 'Student blank (en)', 'Student blank (sv)', 6);
INSERT INTO sub_topics (id, name_en, name_sv, topic_id) VALUES (13, 'Parallel herd (en)', 'Parallel herd (sv)', 7);
INSERT INTO sub_topics (id, name_en, name_sv, topic_id) VALUES (14, 'Made copy (en)', 'Made copy (sv)', 7);
INSERT INTO sub_topics (id, name_en, name_sv, topic_id) VALUES (15, 'Mission copper (en)', 'Mission copper (sv)', 8);
INSERT INTO sub_topics (id, name_en, name_sv, topic_id) VALUES (16, 'Bowl ourselves (en)', 'Bowl ourselves (sv)', 8);
INSERT INTO sub_topics (id, name_en, name_sv, topic_id) VALUES (17, 'Along engine (en)', 'Along engine (sv)', 9);
INSERT INTO sub_topics (id, name_en, name_sv, topic_id) VALUES (18, 'Angle behavior (en)', 'Angle behavior (sv)', 9);
INSERT INTO sub_topics (id, name_en, name_sv, topic_id) VALUES (19, 'Donkey hole (en)', 'Donkey hole (sv)', 10);
INSERT INTO sub_topics (id, name_en, name_sv, topic_id) VALUES (20, 'Element score (en)', 'Element score (sv)', 10);
INSERT INTO sub_topics (id, name_en, name_sv, topic_id) VALUES (21, 'Age little (en)', 'Age little (sv)', 11);
INSERT INTO sub_topics (id, name_en, name_sv, topic_id) VALUES (22, 'Fireplace anybody (en)', 'Fireplace anybody (sv)', 11);
INSERT INTO sub_topics (id, name_en, name_sv, topic_id) VALUES (23, 'Control flow (en)', 'Control flow (sv)', 12);
INSERT INTO sub_topics (id, name_en, name_sv, topic_id) VALUES (24, 'Combine average (en)', 'Combine average (sv)', 12);
INSERT INTO sub_topics (id, name_en, name_sv, topic_id) VALUES (25, 'Tank out (en)', 'Tank out (sv)', 13);
INSERT INTO sub_topics (id, name_en, name_sv, topic_id) VALUES (26, 'Heart him (en)', 'Heart him (sv)', 13);
INSERT INTO sub_topics (id, name_en, name_sv, topic_id) VALUES (27, 'Shirt occasionally (en)', 'Shirt occasionally (sv)', 14);
INSERT INTO sub_topics (id, name_en, name_sv, topic_id) VALUES (28, 'Dust push (en)', 'Dust push (sv)', 14);
INSERT INTO sub_topics (id, name_en, name_sv, topic_id) VALUES (29, 'Program ship (en)', 'Program ship (sv)', 15);
INSERT INTO sub_topics (id, name_en, name_sv, topic_id) VALUES (30, 'Below wish (en)', 'Below wish (sv)', 15);



-- TOPIC FOR -----------------------------------------------------------
INSERT INTO topic_for (database_id, topic_id, is_recommended) VALUES (1, 1, TRUE);
INSERT INTO topic_for (database_id, topic_id, is_recommended) VALUES (2, 1, TRUE);
INSERT INTO topic_for (database_id, topic_id, is_recommended) VALUES (3, 1, TRUE);
INSERT INTO topic_for (database_id, topic_id, is_recommended) VALUES (4, 1, TRUE);
INSERT INTO topic_for (database_id, topic_id, is_recommended) VALUES (5, 2, TRUE);
INSERT INTO topic_for (database_id, topic_id, is_recommended) VALUES (6, 2, TRUE);
INSERT INTO topic_for (database_id, topic_id, is_recommended) VALUES (7, 2, FALSE);
INSERT INTO topic_for (database_id, topic_id, is_recommended) VALUES (8, 2, FALSE);
INSERT INTO topic_for (database_id, topic_id, is_recommended) VALUES (9, 3, FALSE);
INSERT INTO topic_for (database_id, topic_id, is_recommended) VALUES (10, 3, FALSE);
INSERT INTO topic_for (database_id, topic_id, is_recommended) VALUES (11, 3, FALSE);
INSERT INTO topic_for (database_id, topic_id, is_recommended) VALUES (12, 3, FALSE);
INSERT INTO topic_for (database_id, topic_id, is_recommended) VALUES (13, 4, FALSE);
INSERT INTO topic_for (database_id, topic_id, is_recommended) VALUES (14, 4, FALSE);
INSERT INTO topic_for (database_id, topic_id, is_recommended) VALUES (15, 4, FALSE);
INSERT INTO topic_for (database_id, topic_id, is_recommended) VALUES (16, 4, FALSE);
INSERT INTO topic_for (database_id, topic_id, is_recommended) VALUES (17, 5, FALSE);
INSERT INTO topic_for (database_id, topic_id, is_recommended) VALUES (18, 5, FALSE);
INSERT INTO topic_for (database_id, topic_id, is_recommended) VALUES (19, 5, FALSE);
INSERT INTO topic_for (database_id, topic_id, is_recommended) VALUES (20, 5, FALSE);
INSERT INTO topic_for (database_id, topic_id, is_recommended) VALUES (21, 6, FALSE);
INSERT INTO topic_for (database_id, topic_id, is_recommended) VALUES (22, 6, FALSE);
INSERT INTO topic_for (database_id, topic_id, is_recommended) VALUES (23, 6, FALSE);
INSERT INTO topic_for (database_id, topic_id, is_recommended) VALUES (24, 6, FALSE);
INSERT INTO topic_for (database_id, topic_id, is_recommended) VALUES (25, 7, FALSE);
INSERT INTO topic_for (database_id, topic_id, is_recommended) VALUES (26, 7, FALSE);
INSERT INTO topic_for (database_id, topic_id, is_recommended) VALUES (27, 7, FALSE);
INSERT INTO topic_for (database_id, topic_id, is_recommended) VALUES (28, 7, FALSE);
INSERT INTO topic_for (database_id, topic_id, is_recommended) VALUES (29, 8, FALSE);
INSERT INTO topic_for (database_id, topic_id, is_recommended) VALUES (30, 8, FALSE);
INSERT INTO topic_for (database_id, topic_id, is_recommended) VALUES (31, 8, FALSE);
INSERT INTO topic_for (database_id, topic_id, is_recommended) VALUES (32, 8, FALSE);
INSERT INTO topic_for (database_id, topic_id, is_recommended) VALUES (33, 9, FALSE);
INSERT INTO topic_for (database_id, topic_id, is_recommended) VALUES (34, 9, FALSE);
INSERT INTO topic_for (database_id, topic_id, is_recommended) VALUES (35, 9, FALSE);
INSERT INTO topic_for (database_id, topic_id, is_recommended) VALUES (36, 9, FALSE);
INSERT INTO topic_for (database_id, topic_id, is_recommended) VALUES (37, 10, FALSE);
INSERT INTO topic_for (database_id, topic_id, is_recommended) VALUES (38, 10, FALSE);
INSERT INTO topic_for (database_id, topic_id, is_recommended) VALUES (39, 10, FALSE);
INSERT INTO topic_for (database_id, topic_id, is_recommended) VALUES (40, 10, FALSE);
INSERT INTO topic_for (database_id, topic_id, is_recommended) VALUES (41, 11, FALSE);
INSERT INTO topic_for (database_id, topic_id, is_recommended) VALUES (42, 11, FALSE);
INSERT INTO topic_for (database_id, topic_id, is_recommended) VALUES (43, 11, FALSE);
INSERT INTO topic_for (database_id, topic_id, is_recommended) VALUES (44, 11, FALSE);
INSERT INTO topic_for (database_id, topic_id, is_recommended) VALUES (45, 12, FALSE);
INSERT INTO topic_for (database_id, topic_id, is_recommended) VALUES (46, 12, FALSE);
INSERT INTO topic_for (database_id, topic_id, is_recommended) VALUES (47, 12, FALSE);
INSERT INTO topic_for (database_id, topic_id, is_recommended) VALUES (48, 12, FALSE);
INSERT INTO topic_for (database_id, topic_id, is_recommended) VALUES (49, 13, FALSE);
INSERT INTO topic_for (database_id, topic_id, is_recommended) VALUES (50, 13, FALSE);
INSERT INTO topic_for (database_id, topic_id, is_recommended) VALUES (51, 13, FALSE);
INSERT INTO topic_for (database_id, topic_id, is_recommended) VALUES (52, 13, FALSE);
INSERT INTO topic_for (database_id, topic_id, is_recommended) VALUES (53, 14, FALSE);
INSERT INTO topic_for (database_id, topic_id, is_recommended) VALUES (54, 14, FALSE);
INSERT INTO topic_for (database_id, topic_id, is_recommended) VALUES (55, 14, FALSE);
INSERT INTO topic_for (database_id, topic_id, is_recommended) VALUES (56, 14, FALSE);
INSERT INTO topic_for (database_id, topic_id, is_recommended) VALUES (57, 15, FALSE);
INSERT INTO topic_for (database_id, topic_id, is_recommended) VALUES (58, 15, FALSE);
INSERT INTO topic_for (database_id, topic_id, is_recommended) VALUES (59, 15, FALSE);
INSERT INTO topic_for (database_id, topic_id, is_recommended) VALUES (60, 15, FALSE);



-- SUB TOPIC FOR -----------------------------------------------------------
INSERT INTO sub_topic_for (database_id, sub_topic_id, is_recommended) VALUES (1, 1, TRUE);
INSERT INTO sub_topic_for (database_id, sub_topic_id, is_recommended) VALUES (1, 2, TRUE);
INSERT INTO sub_topic_for (database_id, sub_topic_id, is_recommended) VALUES (2, 1, TRUE);
INSERT INTO sub_topic_for (database_id, sub_topic_id, is_recommended) VALUES (2, 2, TRUE);
INSERT INTO sub_topic_for (database_id, sub_topic_id, is_recommended) VALUES (3, 1, TRUE);
INSERT INTO sub_topic_for (database_id, sub_topic_id, is_recommended) VALUES (3, 2, TRUE);
INSERT INTO sub_topic_for (database_id, sub_topic_id, is_recommended) VALUES (4, 1, TRUE);
INSERT INTO sub_topic_for (database_id, sub_topic_id, is_recommended) VALUES (4, 2, FALSE);
INSERT INTO sub_topic_for (database_id, sub_topic_id, is_recommended) VALUES (5, 3, FALSE);
INSERT INTO sub_topic_for (database_id, sub_topic_id, is_recommended) VALUES (5, 4, FALSE);
INSERT INTO sub_topic_for (database_id, sub_topic_id, is_recommended) VALUES (6, 3, FALSE);
INSERT INTO sub_topic_for (database_id, sub_topic_id, is_recommended) VALUES (6, 4, FALSE);
INSERT INTO sub_topic_for (database_id, sub_topic_id, is_recommended) VALUES (7, 3, FALSE);
INSERT INTO sub_topic_for (database_id, sub_topic_id, is_recommended) VALUES (7, 4, FALSE);
INSERT INTO sub_topic_for (database_id, sub_topic_id, is_recommended) VALUES (8, 3, FALSE);
INSERT INTO sub_topic_for (database_id, sub_topic_id, is_recommended) VALUES (8, 4, FALSE);
INSERT INTO sub_topic_for (database_id, sub_topic_id, is_recommended) VALUES (9, 5, FALSE);
INSERT INTO sub_topic_for (database_id, sub_topic_id, is_recommended) VALUES (9, 6, FALSE);
INSERT INTO sub_topic_for (database_id, sub_topic_id, is_recommended) VALUES (10, 5, FALSE);
INSERT INTO sub_topic_for (database_id, sub_topic_id, is_recommended) VALUES (10, 6, FALSE);
INSERT INTO sub_topic_for (database_id, sub_topic_id, is_recommended) VALUES (11, 5, FALSE);
INSERT INTO sub_topic_for (database_id, sub_topic_id, is_recommended) VALUES (11, 6, FALSE);
INSERT INTO sub_topic_for (database_id, sub_topic_id, is_recommended) VALUES (12, 5, FALSE);
INSERT INTO sub_topic_for (database_id, sub_topic_id, is_recommended) VALUES (12, 6, FALSE);
INSERT INTO sub_topic_for (database_id, sub_topic_id, is_recommended) VALUES (13, 7, FALSE);
INSERT INTO sub_topic_for (database_id, sub_topic_id, is_recommended) VALUES (13, 8, FALSE);
INSERT INTO sub_topic_for (database_id, sub_topic_id, is_recommended) VALUES (14, 7, FALSE);
INSERT INTO sub_topic_for (database_id, sub_topic_id, is_recommended) VALUES (14, 8, FALSE);
INSERT INTO sub_topic_for (database_id, sub_topic_id, is_recommended) VALUES (15, 7, FALSE);
INSERT INTO sub_topic_for (database_id, sub_topic_id, is_recommended) VALUES (15, 8, FALSE);
INSERT INTO sub_topic_for (database_id, sub_topic_id, is_recommended) VALUES (16, 7, FALSE);
INSERT INTO sub_topic_for (database_id, sub_topic_id, is_recommended) VALUES (16, 8, FALSE);
INSERT INTO sub_topic_for (database_id, sub_topic_id, is_recommended) VALUES (17, 9, FALSE);
INSERT INTO sub_topic_for (database_id, sub_topic_id, is_recommended) VALUES (17, 10, FALSE);
INSERT INTO sub_topic_for (database_id, sub_topic_id, is_recommended) VALUES (18, 9, FALSE);
INSERT INTO sub_topic_for (database_id, sub_topic_id, is_recommended) VALUES (18, 10, FALSE);
INSERT INTO sub_topic_for (database_id, sub_topic_id, is_recommended) VALUES (19, 9, FALSE);
INSERT INTO sub_topic_for (database_id, sub_topic_id, is_recommended) VALUES (19, 10, FALSE);
INSERT INTO sub_topic_for (database_id, sub_topic_id, is_recommended) VALUES (20, 9, FALSE);
INSERT INTO sub_topic_for (database_id, sub_topic_id, is_recommended) VALUES (20, 10, FALSE);
INSERT INTO sub_topic_for (database_id, sub_topic_id, is_recommended) VALUES (21, 11, FALSE);
INSERT INTO sub_topic_for (database_id, sub_topic_id, is_recommended) VALUES (21, 12, FALSE);
INSERT INTO sub_topic_for (database_id, sub_topic_id, is_recommended) VALUES (22, 11, FALSE);
INSERT INTO sub_topic_for (database_id, sub_topic_id, is_recommended) VALUES (22, 12, FALSE);
INSERT INTO sub_topic_for (database_id, sub_topic_id, is_recommended) VALUES (23, 11, FALSE);
INSERT INTO sub_topic_for (database_id, sub_topic_id, is_recommended) VALUES (23, 12, FALSE);
INSERT INTO sub_topic_for (database_id, sub_topic_id, is_recommended) VALUES (24, 11, FALSE);
INSERT INTO sub_topic_for (database_id, sub_topic_id, is_recommended) VALUES (24, 12, FALSE);
INSERT INTO sub_topic_for (database_id, sub_topic_id, is_recommended) VALUES (25, 13, FALSE);
INSERT INTO sub_topic_for (database_id, sub_topic_id, is_recommended) VALUES (25, 14, FALSE);
INSERT INTO sub_topic_for (database_id, sub_topic_id, is_recommended) VALUES (26, 13, FALSE);
INSERT INTO sub_topic_for (database_id, sub_topic_id, is_recommended) VALUES (26, 14, FALSE);
INSERT INTO sub_topic_for (database_id, sub_topic_id, is_recommended) VALUES (27, 13, FALSE);
INSERT INTO sub_topic_for (database_id, sub_topic_id, is_recommended) VALUES (27, 14, FALSE);
INSERT INTO sub_topic_for (database_id, sub_topic_id, is_recommended) VALUES (28, 13, FALSE);
INSERT INTO sub_topic_for (database_id, sub_topic_id, is_recommended) VALUES (28, 14, FALSE);
INSERT INTO sub_topic_for (database_id, sub_topic_id, is_recommended) VALUES (29, 15, FALSE);
INSERT INTO sub_topic_for (database_id, sub_topic_id, is_recommended) VALUES (29, 16, FALSE);
INSERT INTO sub_topic_for (database_id, sub_topic_id, is_recommended) VALUES (30, 15, FALSE);
INSERT INTO sub_topic_for (database_id, sub_topic_id, is_recommended) VALUES (30, 16, FALSE);
INSERT INTO sub_topic_for (database_id, sub_topic_id, is_recommended) VALUES (31, 15, FALSE);
INSERT INTO sub_topic_for (database_id, sub_topic_id, is_recommended) VALUES (31, 16, FALSE);
INSERT INTO sub_topic_for (database_id, sub_topic_id, is_recommended) VALUES (32, 15, FALSE);
INSERT INTO sub_topic_for (database_id, sub_topic_id, is_recommended) VALUES (32, 16, FALSE);
INSERT INTO sub_topic_for (database_id, sub_topic_id, is_recommended) VALUES (33, 17, FALSE);
INSERT INTO sub_topic_for (database_id, sub_topic_id, is_recommended) VALUES (33, 18, FALSE);
INSERT INTO sub_topic_for (database_id, sub_topic_id, is_recommended) VALUES (34, 17, FALSE);
INSERT INTO sub_topic_for (database_id, sub_topic_id, is_recommended) VALUES (34, 18, FALSE);
INSERT INTO sub_topic_for (database_id, sub_topic_id, is_recommended) VALUES (35, 17, FALSE);
INSERT INTO sub_topic_for (database_id, sub_topic_id, is_recommended) VALUES (35, 18, FALSE);
INSERT INTO sub_topic_for (database_id, sub_topic_id, is_recommended) VALUES (36, 17, FALSE);
INSERT INTO sub_topic_for (database_id, sub_topic_id, is_recommended) VALUES (36, 18, FALSE);
INSERT INTO sub_topic_for (database_id, sub_topic_id, is_recommended) VALUES (37, 19, FALSE);
INSERT INTO sub_topic_for (database_id, sub_topic_id, is_recommended) VALUES (37, 20, FALSE);
INSERT INTO sub_topic_for (database_id, sub_topic_id, is_recommended) VALUES (38, 19, FALSE);
INSERT INTO sub_topic_for (database_id, sub_topic_id, is_recommended) VALUES (38, 20, FALSE);
INSERT INTO sub_topic_for (database_id, sub_topic_id, is_recommended) VALUES (39, 19, FALSE);
INSERT INTO sub_topic_for (database_id, sub_topic_id, is_recommended) VALUES (39, 20, FALSE);
INSERT INTO sub_topic_for (database_id, sub_topic_id, is_recommended) VALUES (40, 19, FALSE);
INSERT INTO sub_topic_for (database_id, sub_topic_id, is_recommended) VALUES (40, 20, FALSE);
INSERT INTO sub_topic_for (database_id, sub_topic_id, is_recommended) VALUES (41, 21, FALSE);
INSERT INTO sub_topic_for (database_id, sub_topic_id, is_recommended) VALUES (41, 22, FALSE);
INSERT INTO sub_topic_for (database_id, sub_topic_id, is_recommended) VALUES (42, 21, FALSE);
INSERT INTO sub_topic_for (database_id, sub_topic_id, is_recommended) VALUES (42, 22, FALSE);
INSERT INTO sub_topic_for (database_id, sub_topic_id, is_recommended) VALUES (43, 21, FALSE);
INSERT INTO sub_topic_for (database_id, sub_topic_id, is_recommended) VALUES (43, 22, FALSE);
INSERT INTO sub_topic_for (database_id, sub_topic_id, is_recommended) VALUES (44, 21, FALSE);
INSERT INTO sub_topic_for (database_id, sub_topic_id, is_recommended) VALUES (44, 22, FALSE);
INSERT INTO sub_topic_for (database_id, sub_topic_id, is_recommended) VALUES (45, 23, FALSE);
INSERT INTO sub_topic_for (database_id, sub_topic_id, is_recommended) VALUES (45, 24, FALSE);
INSERT INTO sub_topic_for (database_id, sub_topic_id, is_recommended) VALUES (46, 23, FALSE);
INSERT INTO sub_topic_for (database_id, sub_topic_id, is_recommended) VALUES (46, 24, FALSE);
INSERT INTO sub_topic_for (database_id, sub_topic_id, is_recommended) VALUES (47, 23, FALSE);
INSERT INTO sub_topic_for (database_id, sub_topic_id, is_recommended) VALUES (47, 24, FALSE);
INSERT INTO sub_topic_for (database_id, sub_topic_id, is_recommended) VALUES (48, 23, FALSE);
INSERT INTO sub_topic_for (database_id, sub_topic_id, is_recommended) VALUES (48, 24, FALSE);
INSERT INTO sub_topic_for (database_id, sub_topic_id, is_recommended) VALUES (49, 25, FALSE);
INSERT INTO sub_topic_for (database_id, sub_topic_id, is_recommended) VALUES (49, 26, FALSE);
INSERT INTO sub_topic_for (database_id, sub_topic_id, is_recommended) VALUES (50, 25, FALSE);
INSERT INTO sub_topic_for (database_id, sub_topic_id, is_recommended) VALUES (50, 26, FALSE);
INSERT INTO sub_topic_for (database_id, sub_topic_id, is_recommended) VALUES (51, 25, FALSE);
INSERT INTO sub_topic_for (database_id, sub_topic_id, is_recommended) VALUES (51, 26, FALSE);
INSERT INTO sub_topic_for (database_id, sub_topic_id, is_recommended) VALUES (52, 25, FALSE);
INSERT INTO sub_topic_for (database_id, sub_topic_id, is_recommended) VALUES (52, 26, FALSE);
INSERT INTO sub_topic_for (database_id, sub_topic_id, is_recommended) VALUES (53, 27, FALSE);
INSERT INTO sub_topic_for (database_id, sub_topic_id, is_recommended) VALUES (53, 28, FALSE);
INSERT INTO sub_topic_for (database_id, sub_topic_id, is_recommended) VALUES (54, 27, FALSE);
INSERT INTO sub_topic_for (database_id, sub_topic_id, is_recommended) VALUES (54, 28, FALSE);
INSERT INTO sub_topic_for (database_id, sub_topic_id, is_recommended) VALUES (55, 27, FALSE);
INSERT INTO sub_topic_for (database_id, sub_topic_id, is_recommended) VALUES (55, 28, FALSE);
INSERT INTO sub_topic_for (database_id, sub_topic_id, is_recommended) VALUES (56, 27, FALSE);
INSERT INTO sub_topic_for (database_id, sub_topic_id, is_recommended) VALUES (56, 28, FALSE);
INSERT INTO sub_topic_for (database_id, sub_topic_id, is_recommended) VALUES (57, 29, FALSE);
INSERT INTO sub_topic_for (database_id, sub_topic_id, is_recommended) VALUES (57, 30, FALSE);
INSERT INTO sub_topic_for (database_id, sub_topic_id, is_recommended) VALUES (58, 29, FALSE);
INSERT INTO sub_topic_for (database_id, sub_topic_id, is_recommended) VALUES (58, 30, FALSE);
INSERT INTO sub_topic_for (database_id, sub_topic_id, is_recommended) VALUES (59, 29, FALSE);
INSERT INTO sub_topic_for (database_id, sub_topic_id, is_recommended) VALUES (59, 30, FALSE);
INSERT INTO sub_topic_for (database_id, sub_topic_id, is_recommended) VALUES (60, 29, FALSE);
INSERT INTO sub_topic_for (database_id, sub_topic_id, is_recommended) VALUES (60, 30, FALSE);




-- topics recommended db 1
INSERT INTO topic_recommended_for (database_id, topic_id, sub_topic_id) VALUES (1, 1, NULL);
INSERT INTO topic_recommended_for (database_id, topic_id, sub_topic_id) VALUES (1, 2, NULL);
-- sub topics recommended db 1

INSERT INTO topic_recommended_for (database_id, topic_id, sub_topic_id) VALUES (1, NULL, 1);
INSERT INTO topic_recommended_for (database_id, topic_id, sub_topic_id) VALUES (1, NULL, 2);
INSERT INTO topic_recommended_for (database_id, topic_id, sub_topic_id) VALUES (1, NULL, 3);
INSERT INTO topic_recommended_for (database_id, topic_id, sub_topic_id) VALUES (1, NULL, 4);
INSERT INTO topic_recommended_for (database_id, topic_id, sub_topic_id) VALUES (1, NULL, 5);
INSERT INTO topic_recommended_for (database_id, topic_id, sub_topic_id) VALUES (1, NULL, 6);
INSERT INTO topic_recommended_for (database_id, topic_id, sub_topic_id) VALUES (1, NULL, 7);
INSERT INTO topic_recommended_for (database_id, topic_id, sub_topic_id) VALUES (1, NULL, 8);
INSERT INTO topic_recommended_for (database_id, topic_id, sub_topic_id) VALUES (1, NULL, 9);
INSERT INTO topic_recommended_for (database_id, topic_id, sub_topic_id) VALUES (1, NULL, 10);

-- topics recommended db 2
INSERT INTO topic_recommended_for (database_id, topic_id, sub_topic_id) VALUES (2, 2, NULL);
INSERT INTO topic_recommended_for (database_id, topic_id, sub_topic_id) VALUES (2, 3, NULL);
-- sub topics recommended db 2

INSERT INTO topic_recommended_for (database_id, topic_id, sub_topic_id) VALUES (2, NULL, 1);
INSERT INTO topic_recommended_for (database_id, topic_id, sub_topic_id) VALUES (2, NULL, 2);
INSERT INTO topic_recommended_for (database_id, topic_id, sub_topic_id) VALUES (2, NULL, 3);
INSERT INTO topic_recommended_for (database_id, topic_id, sub_topic_id) VALUES (2, NULL, 4);
INSERT INTO topic_recommended_for (database_id, topic_id, sub_topic_id) VALUES (2, NULL, 5);
INSERT INTO topic_recommended_for (database_id, topic_id, sub_topic_id) VALUES (2, NULL, 6);
INSERT INTO topic_recommended_for (database_id, topic_id, sub_topic_id) VALUES (2, NULL, 7);
INSERT INTO topic_recommended_for (database_id, topic_id, sub_topic_id) VALUES (2, NULL, 8);
INSERT INTO topic_recommended_for (database_id, topic_id, sub_topic_id) VALUES (2, NULL, 9);
INSERT INTO topic_recommended_for (database_id, topic_id, sub_topic_id) VALUES (2, NULL, 10);

-- topics recommended db 3
INSERT INTO topic_recommended_for (database_id, topic_id, sub_topic_id) VALUES (3, 3, NULL);
INSERT INTO topic_recommended_for (database_id, topic_id, sub_topic_id) VALUES (3, 4, NULL);
-- sub topics recommended db 3
INSERT INTO topic_recommended_for (database_id, topic_id, sub_topic_id) VALUES (3, NULL, 1);
INSERT INTO topic_recommended_for (database_id, topic_id, sub_topic_id) VALUES (3, NULL, 2);
INSERT INTO topic_recommended_for (database_id, topic_id, sub_topic_id) VALUES (3, NULL, 3);
INSERT INTO topic_recommended_for (database_id, topic_id, sub_topic_id) VALUES (3, NULL, 4);
INSERT INTO topic_recommended_for (database_id, topic_id, sub_topic_id) VALUES (3, NULL, 5);
INSERT INTO topic_recommended_for (database_id, topic_id, sub_topic_id) VALUES (3, NULL, 6);
INSERT INTO topic_recommended_for (database_id, topic_id, sub_topic_id) VALUES (3, NULL, 7);
INSERT INTO topic_recommended_for (database_id, topic_id, sub_topic_id) VALUES (3, NULL, 8);
INSERT INTO topic_recommended_for (database_id, topic_id, sub_topic_id) VALUES (3, NULL, 9);
INSERT INTO topic_recommended_for (database_id, topic_id, sub_topic_id) VALUES (3, NULL, 10);

-- topics recommended db 4
INSERT INTO topic_recommended_for (database_id, topic_id, sub_topic_id) VALUES (4, 1, NULL);
INSERT INTO topic_recommended_for (database_id, topic_id, sub_topic_id) VALUES (4, 4, NULL);
-- sub topics recommended db 4
INSERT INTO topic_recommended_for (database_id, topic_id, sub_topic_id) VALUES (4, NULL, 1);
INSERT INTO topic_recommended_for (database_id, topic_id, sub_topic_id) VALUES (4, NULL, 2);
INSERT INTO topic_recommended_for (database_id, topic_id, sub_topic_id) VALUES (4, NULL, 3);
INSERT INTO topic_recommended_for (database_id, topic_id, sub_topic_id) VALUES (4, NULL, 4);
INSERT INTO topic_recommended_for (database_id, topic_id, sub_topic_id) VALUES (4, NULL, 5);
INSERT INTO topic_recommended_for (database_id, topic_id, sub_topic_id) VALUES (4, NULL, 6);
INSERT INTO topic_recommended_for (database_id, topic_id, sub_topic_id) VALUES (4, NULL, 7);
INSERT INTO topic_recommended_for (database_id, topic_id, sub_topic_id) VALUES (4, NULL, 8);
INSERT INTO topic_recommended_for (database_id, topic_id, sub_topic_id) VALUES (4, NULL, 9);
INSERT INTO topic_recommended_for (database_id, topic_id, sub_topic_id) VALUES (4, NULL, 10);

-- topics recommended db 5
INSERT INTO topic_recommended_for (database_id, topic_id, sub_topic_id) VALUES (5, 2, NULL);
INSERT INTO topic_recommended_for (database_id, topic_id, sub_topic_id) VALUES (5, 4, NULL);
-- sub topics recommended db 5
INSERT INTO topic_recommended_for (database_id, topic_id, sub_topic_id) VALUES (5, NULL, 1);
INSERT INTO topic_recommended_for (database_id, topic_id, sub_topic_id) VALUES (5, NULL, 2);
INSERT INTO topic_recommended_for (database_id, topic_id, sub_topic_id) VALUES (5, NULL, 3);
INSERT INTO topic_recommended_for (database_id, topic_id, sub_topic_id) VALUES (5, NULL, 4);
INSERT INTO topic_recommended_for (database_id, topic_id, sub_topic_id) VALUES (5, NULL, 5);
INSERT INTO topic_recommended_for (database_id, topic_id, sub_topic_id) VALUES (5, NULL, 6);
INSERT INTO topic_recommended_for (database_id, topic_id, sub_topic_id) VALUES (5, NULL, 7);
INSERT INTO topic_recommended_for (database_id, topic_id, sub_topic_id) VALUES (5, NULL, 8);
INSERT INTO topic_recommended_for (database_id, topic_id, sub_topic_id) VALUES (5, NULL, 9);
INSERT INTO topic_recommended_for (database_id, topic_id, sub_topic_id) VALUES (5, NULL, 10);


-- topics recommended db 6
INSERT INTO topic_recommended_for (database_id, topic_id, sub_topic_id) VALUES (6, 1, NULL);
INSERT INTO topic_recommended_for (database_id, topic_id, sub_topic_id) VALUES (6, 3, NULL);
-- sub topics recommended db 6
INSERT INTO topic_recommended_for (database_id, topic_id, sub_topic_id) VALUES (6, NULL, 1);
INSERT INTO topic_recommended_for (database_id, topic_id, sub_topic_id) VALUES (6, NULL, 2);
INSERT INTO topic_recommended_for (database_id, topic_id, sub_topic_id) VALUES (6, NULL, 3);
INSERT INTO topic_recommended_for (database_id, topic_id, sub_topic_id) VALUES (6, NULL, 4);
INSERT INTO topic_recommended_for (database_id, topic_id, sub_topic_id) VALUES (6, NULL, 5);
INSERT INTO topic_recommended_for (database_id, topic_id, sub_topic_id) VALUES (6, NULL, 6);
INSERT INTO topic_recommended_for (database_id, topic_id, sub_topic_id) VALUES (6, NULL, 7);
INSERT INTO topic_recommended_for (database_id, topic_id, sub_topic_id) VALUES (6, NULL, 8);
INSERT INTO topic_recommended_for (database_id, topic_id, sub_topic_id) VALUES (6, NULL, 9);
INSERT INTO topic_recommended_for (database_id, topic_id, sub_topic_id) VALUES (6, NULL, 10);

-- alternative_titles
INSERT INTO alternative_titles (id, title) VALUES (1, 'alt title 1');
INSERT INTO alternative_titles (id, title) VALUES (3, 'alt title 3');
INSERT INTO alternative_titles (id, title) VALUES (4, 'alt title 4');
INSERT INTO alternative_titles (id, title) VALUES (5, 'alt title 5');
INSERT INTO alternative_titles (id, title) VALUES (6, 'alt title 6');
INSERT INTO alternative_titles (id, title) VALUES (7, 'alt title 7');
INSERT INTO alternative_titles (id, title) VALUES (8, 'alt title 8');

INSERT INTO alternative_title_for (database_id, alternative_title_id) VALUES (1, 1);
INSERT INTO alternative_title_for (database_id, alternative_title_id) VALUES (2, 2);
INSERT INTO alternative_title_for (database_id, alternative_title_id) VALUES (2, 3);
INSERT INTO alternative_title_for (database_id, alternative_title_id) VALUES (1, 4);

-- Publishers

INSERT INTO publishers (id, title_en, title_sv) VALUES (1, 'Romanjevi publishing (en)', 'Romanjevi publishing (sv)');
INSERT INTO publishers (id, title_en, title_sv) VALUES (2, 'ABC publishing (en)', 'ABC publishing (sv)');
INSERT INTO publishers (id, title_en, title_sv) VALUES (3, 'Skumrask publishing (en)', 'Skumrask publishing (sv)');

-- db and publisher relation

INSERT INTO publisher_for (database_id, publisher_id) VALUES (1,1);
INSERT INTO publisher_for (database_id, publisher_id) VALUES (1,2);
INSERT INTO publisher_for (database_id, publisher_id) VALUES (2,3);
INSERT INTO publisher_for (database_id, publisher_id) VALUES (3,3);

INSERT INTO urls (id, title, url) VALUES (1, 'link title 1', 'www.google.com');
INSERT INTO urls (id, title, url) VALUES (2, 'link title 2', 'www.google.com');
INSERT INTO urls (id, title, url) VALUES (3, 'link title 3', 'www.google.com');
INSERT INTO urls (id, title, url) VALUES (4, 'link title 4', 'www.google.com');
INSERT INTO urls (id, title, url) VALUES (5, 'link title 5', 'www.google.com');

INSERT INTO url_for (database_id, url_id) VALUES (1, 1);
INSERT INTO url_for (database_id, url_id) VALUES (1, 2);
INSERT INTO url_for (database_id, url_id) VALUES (2, 3);
INSERT INTO url_for (database_id, url_id) VALUES (3, 4);

INSERT INTO terms_of_use (id, code) VALUES (1, 'print_article_chapter');
INSERT INTO terms_of_use (id, code) VALUES (2, 'download_article_chapter');
INSERT INTO terms_of_use (id, code) VALUES (3, 'course_pack_print');
INSERT INTO terms_of_use (id, code) VALUES (4, 'gul_course_pack_electronic');
INSERT INTO terms_of_use (id, code) VALUES (5, 'scholarly_sharing');
INSERT INTO terms_of_use (id, code) VALUES (6, 'interlibrary_loan');

INSERT INTO terms_of_use_for (id, database_id, terms_of_use_id, description_sv, description_en, permitted) VALUES (1, 1, 1, 'terms of use description 1 (sv)', 'terms of use description 1 (en)', FALSE);
INSERT INTO terms_of_use_for (id, database_id, terms_of_use_id, description_sv, description_en, permitted) VALUES (2, 2, 1, 'terms of use description 2 (sv)', 'terms of use description 2 (en)', TRUE);
INSERT INTO terms_of_use_for (id, database_id, terms_of_use_id, description_sv, description_en, permitted) VALUES (3, 3, 1, 'terms of use description 3 (sv)', 'terms of use description 3 (en)', FALSE);
INSERT INTO terms_of_use_for (id, database_id, terms_of_use_id, description_sv, description_en, permitted) VALUES (4, 1, 2, 'terms of use description 4 (sv)', 'terms of use description 4 (en)', TRUE);
INSERT INTO terms_of_use_for (id, database_id, terms_of_use_id, description_sv, description_en, permitted) VALUES (5, 2, 3, 'terms of use description 4 (sv)', 'terms of use description 4 (en)', TRUE);
INSERT INTO terms_of_use_for (id, database_id, terms_of_use_id, description_sv, description_en, permitted) VALUES (6, 2, 4, 'terms of use description 4 (sv)', 'terms of use description 4 (en)', TRUE);
INSERT INTO terms_of_use_for (id, database_id, terms_of_use_id, description_sv, description_en, permitted) VALUES (7, 3, 5, 'terms of use description 4 (sv)', 'terms of use description 4 (en)', TRUE);
INSERT INTO terms_of_use_for (id, database_id, terms_of_use_id, description_sv, description_en, permitted) VALUES (8, 3, 6, 'terms of use description 4 (sv)', 'terms of use description 4 (en)', TRUE);


INSERT INTO media_types (id, name_en, name_sv) VALUES (1, 'media type 1 (en)', 'media type 1 (sv)');
INSERT INTO media_types (id, name_en, name_sv) VALUES (2, 'media type 2 (en)', 'media type 2 (sv)');
INSERT INTO media_types (id, name_en, name_sv) VALUES (3, 'media type 3 (en)', 'media type 3 (sv)');
INSERT INTO media_types (id, name_en, name_sv) VALUES (4, 'media type 4 (en)', 'media type 4 (sv)');
INSERT INTO media_types (id, name_en, name_sv) VALUES (5, 'media type 5 (en)', 'media type 5 (sv)');
INSERT INTO media_types (id, name_en, name_sv) VALUES (6, 'media type 6 (en)', 'media type 6 (sv)');

INSERT INTO media_type_for (database_id, media_type_id) VALUES (1,1);
INSERT INTO media_type_for (database_id, media_type_id) VALUES (1,2);
INSERT INTO media_type_for (database_id, media_type_id) VALUES (2,2);
INSERT INTO media_type_for (database_id, media_type_id) VALUES (3,3);
INSERT INTO media_type_for (database_id, media_type_id) VALUES (3,4);

